-- phpMyAdmin SQL Dump
-- version 4.6.6deb5
-- https://www.phpmyadmin.net/
--
-- Host: localhost:3306
-- Generation Time: Jun 29, 2019 at 07:25 AM
-- Server version: 5.7.26-0ubuntu0.18.04.1
-- PHP Version: 7.2.19-0ubuntu0.18.04.1

SET SQL_MODE = "NO_AUTO_VALUE_ON_ZERO";
SET time_zone = "+00:00";


/*!40101 SET @OLD_CHARACTER_SET_CLIENT=@@CHARACTER_SET_CLIENT */;
/*!40101 SET @OLD_CHARACTER_SET_RESULTS=@@CHARACTER_SET_RESULTS */;
/*!40101 SET @OLD_COLLATION_CONNECTION=@@COLLATION_CONNECTION */;
/*!40101 SET NAMES utf8mb4 */;

--
-- Database: `ibeacon1_oprema`
--
CREATE DATABASE IF NOT EXISTS `ibeacon1_oprema` DEFAULT CHARACTER SET utf8 COLLATE utf8_unicode_ci;
USE `ibeacon1_oprema`;

-- --------------------------------------------------------

--
-- Table structure for table `category_tovaries`
--

CREATE TABLE `category_tovaries` (
  `id` int(11) NOT NULL,
  `name` varchar(255) NOT NULL,
  `url` varchar(255) NOT NULL,
  `title` varchar(255) NOT NULL,
  `description` text NOT NULL,
  `keywords` text NOT NULL,
  `parent_id` int(11) NOT NULL,
  `created_at` timestamp NOT NULL DEFAULT CURRENT_TIMESTAMP ON UPDATE CURRENT_TIMESTAMP,
  `updated_at` timestamp NOT NULL DEFAULT '0000-00-00 00:00:00'
) ENGINE=InnoDB DEFAULT CHARSET=utf8;

--
-- Dumping data for table `category_tovaries`
--

INSERT INTO `category_tovaries` (`id`, `name`, `url`, `title`, `description`, `keywords`, `parent_id`, `created_at`, `updated_at`) VALUES
(1, 'Инструменты и приборы', 'instrumenty', 'Инструменты и приборы', 'Инструменты и приборы', 'Инструменты и приборы', 0, '2019-02-04 03:47:43', '2019-02-03 21:47:43'),
(3, 'Оборудование для хранения и розлива', 'oborudovanie', 'Оборудование для хранения и розлива', 'Оборудование для хранения и розлива', '', 0, '2019-02-04 03:37:15', '2019-02-03 21:37:15'),
(4, 'Сырье', 'syrie', 'Сырье', 'Сырье', '', 0, '2019-02-04 03:38:01', '2019-02-03 21:38:01'),
(5, 'Посуда', 'Posuda', 'Посуда', 'Посуда', '', 0, '2019-02-04 03:38:27', '2019-02-03 21:38:27'),
(9, 'Моющие и дезинфицирующие средства', 'moushiesredstva', 'Моющие и дезинфицирующие средства', 'Моющие и дезинфицирующие средства', 'Моющие и дезинфицирующие средства', 0, '2019-02-03 22:00:30', '2019-02-03 22:00:30'),
(15, 'КЕГи и тара', 'kegitara', 'КЕГи и тара', 'КЕГи и тара', 'КЕГи и тара', 0, '2019-02-03 22:11:50', '2019-02-03 22:11:50'),
(16, 'Оборудование домашнего производства', 'domoborudobanie', 'Оборудование домашнего производства', 'Оборудование домашнего производства', 'Оборудование домашнего производства', 0, '2019-02-03 22:29:08', '2019-02-03 22:29:08'),
(17, 'Фильтрационные материалы и оборудование', 'filtr', 'Фильтрационные материалы и оборудование', 'Фильтрационные материалы и оборудование', 'Фильтрационные материалы и оборудование', 0, '2019-02-03 22:31:20', '2019-02-03 22:31:20'),
(18, 'Оборудование для производства', 'proizvodstvo', 'Оборудование для производства', 'Оборудование для производства', 'Оборудование для производства', 0, '2019-02-03 22:31:58', '2019-02-03 22:31:58'),
(19, 'Мебель и промо-материалы', 'mebel', 'Мебель и промо-материалы', 'Мебель и промо-материалы', 'Мебель и промо-материалы', 0, '2019-02-03 22:34:37', '2019-02-03 22:34:37'),
(20, 'Охладители', 'ohladiteli', 'Охладители', 'Охладители', 'Охладители', 3, '2019-02-03 22:36:09', '2019-02-03 22:36:09'),
(21, 'Устройства быстрого и беспенного разлива', 'bespennyirazliv', 'Устройства быстрого и беспенного разлива', 'Устройства быстрого и беспенного разлива', 'Устройства быстрого и беспенного разлива', 3, '2019-02-03 22:38:40', '2019-02-03 22:38:40'),
(22, 'Быстрые соединения', 'bystryesoedinenia', 'Быстрые соединения', 'Быстрые соединения', 'Быстрые соединения', 3, '2019-02-03 22:39:16', '2019-02-03 22:39:16'),
(23, 'Витринные холодильники', 'vitrinnyeholodilniki', 'Витринные холодильники', 'Витринные холодильники', 'Витринные холодильники', 3, '2019-02-03 22:39:53', '2019-02-03 22:39:53'),
(24, 'Газобалонное оборудование', 'gazoballonye', 'Газобалонное оборудование', 'Газобалонное оборудование', 'Газобалонное оборудование', 3, '2019-02-03 22:40:39', '2019-02-03 22:40:39'),
(25, 'Пищевые и технические газы', 'pishevyegazy', 'Пищевые и технические газы', 'Пищевые и технические газы', 'Пищевые и технические газы', 3, '2019-02-03 22:41:34', '2019-02-03 22:41:34'),
(26, 'Комплектующие', 'komplektuyushie', 'Комплектующие', 'Комплектующие', 'Комплектующие', 3, '2019-02-03 22:42:03', '2019-02-03 22:42:03'),
(27, 'Кегераторы', 'kegeratory', 'Кегераторы', 'Кегераторы', 'Кегераторы', 3, '2019-02-03 22:43:38', '2019-02-03 22:43:38'),
(28, 'Пивные колбы и тритоны', 'pivnyekolby', 'Пивные колбы и тритоны', 'Пивные колбы и тритоны', 'Пивные колбы и тритоны', 3, '2019-02-03 22:44:47', '2019-02-03 22:44:47'),
(29, 'Льдогенераторы', 'ldogeneratory', 'Льдогенераторы', 'Льдогенераторы', 'Льдогенераторы', 3, '2019-02-03 22:45:14', '2019-02-03 22:45:14'),
(30, 'Холодильное оборудование', 'holodilnoeoborudovanie', 'Холодильное оборудование', 'Холодильное оборудование', 'Холодильное оборудование', 3, '2019-02-03 22:45:51', '2019-02-03 22:45:51'),
(31, 'Промывочное оборудование', 'promyvochnoe', 'Промывочное оборудование', 'Промывочное оборудование', 'Промывочное оборудование', 3, '2019-02-03 22:46:17', '2019-02-03 22:46:17'),
(32, 'Башни и колонки', 'bashnikolonki', 'Башни и колонки', 'Башни и колонки', 'Башни и колонки', 3, '2019-02-03 22:46:48', '2019-02-03 22:46:48'),
(33, 'Пищевые и технические шланги', 'pisheviyshlangi', 'Пищевые и технические шланги', 'Пищевые и технические шланги', 'Пищевые и технические шланги', 3, '2019-02-03 22:47:23', '2019-02-03 22:47:23'),
(34, 'Разливочные и заливочные головки', 'razlivochnyegolovki', 'Разливочные и заливочные головки', 'Разливочные и заливочные головки', 'Разливочные и заливочные головки', 3, '2019-02-03 22:58:44', '2019-02-03 22:58:44'),
(35, 'Ролл-бары', 'rollbary', 'Ролл-бары', 'Ролл-бары', 'Ролл-бары', 3, '2019-02-03 22:59:43', '2019-02-03 22:59:43'),
(36, 'Термоизоляция', 'termoizolyacia', 'Термоизоляция', 'Термоизоляция', 'Термоизоляция', 3, '2019-02-03 23:03:28', '2019-02-03 23:03:28'),
(37, 'Краны', 'krany', 'Краны', 'Краны', 'Краны', 3, '2019-02-03 23:04:23', '2019-02-03 23:04:23'),
(38, 'Сырье для производства пива', 'syriedlyapiva', 'Сырье для производства пива', 'Сырье для производства пива', 'Сырье для производства пива', 4, '2019-02-03 23:04:56', '2019-02-03 23:04:56'),
(39, 'Сырье для производства кваса', 'dlyakvasa', 'Сырье для производства кваса', 'Сырье для производства кваса', 'Сырье для производства кваса', 4, '2019-02-03 23:09:14', '2019-02-03 23:09:14'),
(40, 'Концентраты и экстракты для напитков', 'koncentraty', 'Концентраты и экстракты для напитков', 'Концентраты и экстракты для напитков', 'Концентраты и экстракты для напитков', 4, '2019-02-03 23:09:51', '2019-02-03 23:09:51'),
(41, 'Ферментные препараты', 'fermentnyepreparaty', 'Ферментные препараты', 'Ферментные препараты', 'Ферментные препараты', 4, '2019-02-03 23:10:33', '2019-02-03 23:10:33'),
(42, 'Красители и ароматизаторы', 'krasiteli', 'Красители и ароматизаторы', 'Красители и ароматизаторы', 'Красители и ароматизаторы', 4, '2019-02-03 23:13:22', '2019-02-03 23:13:22'),
(43, 'Пищевые добавки', 'pishevyedobavki', 'Пищевые добавки', 'Пищевые добавки', 'Пищевые добавки', 4, '2019-02-03 23:19:03', '2019-02-03 23:19:03'),
(44, 'Посуда из дерева', 'posudaizdereva', 'Посуда из дерева', 'Посуда из дерева', 'Посуда из дерева', 5, '2019-02-03 23:19:33', '2019-02-03 23:19:33'),
(45, 'Промо-товары и мебель', 'promotovary', 'Промо-товары и мебель', 'Промо-товары и мебель', 'Промо-товары и мебель', 19, '2019-02-03 23:20:19', '2019-02-03 23:20:19'),
(46, 'Системы учета', 'sistemyucheta', 'Системы учета', 'Системы учета', 'Системы учета', 1, '2019-02-03 23:21:01', '2019-02-03 23:21:01'),
(47, 'Инструменты', 'instr', 'Инструменты', 'Инструменты', 'Инструменты', 1, '2019-02-03 23:21:39', '2019-02-03 23:21:39'),
(48, 'Лабораторное оборудование', 'laboratornoeoborudovanie', 'Лабораторное оборудование', 'Лабораторное оборудование', 'Лабораторное оборудование', 1, '2019-02-03 23:23:20', '2019-02-03 23:23:20'),
(49, 'Моющие и дезинфицирующие средства', 'moushieidez', 'Моющие и дезинфицирующие средства', 'Моющие и дезинфицирующие средства', 'Моющие и дезинфицирующие средства', 9, '2019-02-03 23:24:22', '2019-02-03 23:24:22'),
(50, 'КЕГи', 'kegi', 'КЕГи', 'КЕГи', 'КЕГи', 15, '2019-02-03 23:24:59', '2019-02-03 23:24:59'),
(51, 'Кег-пломбы и термоусадочная пленка', 'kegplomby', 'Кег-пломбы и термоусадочная пленка', 'Кег-пломбы и термоусадочная пленка', 'Кег-пломбы и термоусадочная пленка', 15, '2019-02-03 23:26:43', '2019-02-03 23:26:43'),
(52, 'ПЭТ-тара', 'pettara', 'ПЭТ-тара', 'ПЭТ-тара', 'ПЭТ-тара', 15, '2019-02-03 23:27:16', '2019-02-03 23:27:16'),
(53, 'Стеклотара', 'steklotara', 'Стеклотара', 'Стеклотара', 'Стеклотара', 15, '2019-02-03 23:27:47', '2019-02-03 23:27:47'),
(54, 'Деревянные бочки', 'derevyannyebochki', 'Деревянные бочки', 'Деревянные бочки', 'Деревянные бочки', 15, '2019-02-03 23:28:14', '2019-02-03 23:28:14'),
(55, 'Оборудование для самогоноварения', 'samogonovarenie', 'Оборудование для самогоноварения', 'Оборудование для самогоноварения', 'Оборудование для самогоноварения', 16, '2019-02-03 23:31:11', '2019-02-03 23:31:11'),
(56, 'Оборудование для пивоварения', 'pivovarenie', 'Оборудование для пивоварения', 'Оборудование для пивоварения', 'Оборудование для пивоварения', 16, '2019-02-03 23:31:57', '2019-02-03 23:31:57'),
(57, 'Фильтрационные материалы и оборудование', 'filtracia', 'Фильтрационные материалы и оборудование', 'Фильтрационные материалы и оборудование', 'Фильтрационные материалы и оборудование', 17, '2019-02-03 23:33:35', '2019-02-03 23:33:35'),
(58, 'Оборудование для производства напитков', 'dlyanapitkov', 'Оборудование для производства напитков', 'Оборудование для производства напитков', 'Оборудование для производства напитков', 18, '2019-02-03 23:34:24', '2019-02-03 23:34:24'),
(59, 'Водоподготовка', 'vodopodgotovka', 'Водоподготовка', 'Водоподготовка', 'Водоподготовка', 18, '2019-02-03 23:34:52', '2019-02-03 23:34:52'),
(60, 'Проточного типа охлаждения', 'protochnogotipa', 'Проточного типа охлаждения', 'Проточного типа охлаждения', 'Проточного типа охлаждения', 20, '2019-02-03 23:36:43', '2019-02-03 23:36:43'),
(61, 'Сухого типа охлаждения', 'suhogotipa', 'Сухого типа охлаждения', 'Сухого типа охлаждения', 'Сухого типа охлаждения', 20, '2019-02-03 23:37:41', '2019-02-03 23:37:41'),
(62, 'Запасные части и комплектующие', 'zapasnyechasti', 'Запасные части и комплектующие', 'Запасные части и комплектующие', 'Запасные части и комплектующие', 20, '2019-02-03 23:38:28', '2019-02-03 23:38:28'),
(63, 'Б/у', 'bu', 'Б/у', 'Б/у', 'Б/у', 20, '2019-02-03 23:39:05', '2019-02-03 23:39:05'),
(64, 'в ПЭТ', 'vpet', 'в ПЭТ', 'в ПЭТ', 'в ПЭТ', 21, '2019-02-03 23:39:43', '2019-02-03 23:39:43'),
(65, 'В стеклотару', 'vsteklotaru', 'В стеклотару', 'В стеклотару', 'В стеклотару', 21, '2019-02-03 23:40:13', '2019-02-03 23:40:13'),
(66, 'Запасные части и комплектующие', 'zapasnyechasti1', 'Запасные части и комплектующие', 'Запасные части и комплектующие', 'Запасные части и комплектующие', 21, '2019-02-03 23:40:39', '2019-02-03 23:40:39'),
(67, 'Б/у', 'bu1', 'Б/у', 'Б/у', 'Б/у', 21, '2019-02-03 23:41:04', '2019-02-03 23:41:04'),
(68, 'Запасные части и комплектующие', 'zapasnyechasti2', 'Запасные части и комплектующие', 'Запасные части и комплектующие', 'Запасные части и комплектующие', 22, '2019-02-03 23:43:00', '2019-02-03 23:43:00'),
(69, 'Б/у', 'bu2', 'Б/у', 'Б/у', 'Б/у', 22, '2019-02-03 23:43:35', '2019-02-03 23:43:35'),
(70, 'Запасные части и комплектующие', 'zapasnyechasti3', 'Запасные части и комплектующие', 'Запасные части и комплектующие', 'Запасные части и комплектующие', 23, '2019-02-03 23:43:57', '2019-02-03 23:43:57'),
(71, 'Б/у', 'bu3', 'Б/у', 'Б/у', 'Б/у', 23, '2019-02-03 23:44:18', '2019-02-03 23:44:18'),
(72, 'Редукторы', 'reduktor', 'Редукторы', 'Редукторы', 'Редукторы', 24, '2019-02-03 23:44:46', '2019-02-03 23:44:46'),
(73, 'Манометры', 'manometry', 'Манометры', 'Манометры', 'Манометры', 24, '2019-02-03 23:45:37', '2019-02-03 23:45:37'),
(74, 'Запасные части и комплектующие', 'zapasnyechast4', 'Запасные части и комплектующие', 'Запасные части и комплектующие', 'Запасные части и комплектующие', 24, '2019-02-03 23:50:06', '2019-02-03 23:50:06'),
(75, 'Б/у', 'bu4', 'Б/у', 'Б/у', 'Б/у', 24, '2019-02-04 00:09:37', '2019-02-04 00:09:37'),
(76, 'Зажимы', 'zazhimy', 'Зажимы', 'Зажимы', 'Зажимы', 26, '2019-02-04 00:20:02', '2019-02-04 00:20:02'),
(77, 'Хомуты', 'homuty', 'Хомуты', 'Хомуты', 'Хомуты', 26, '2019-02-04 00:21:04', '2019-02-04 00:21:04'),
(78, 'Тройники', 'troiniki', 'Тройники', 'Тройники', 'Тройники', 26, '2019-02-04 00:21:34', '2019-02-04 00:21:34'),
(79, 'Запасные части и комплектующие', 'zapasnyechast5', 'Запасные части и комплектующие', 'Запасные части и комплектующие', 'Запасные части и комплектующие', 27, '2019-02-04 00:21:59', '2019-02-04 00:21:59'),
(80, 'Б/у', 'bu5', 'Б/у', 'Б/у', 'Б/у', 27, '2019-02-04 00:22:28', '2019-02-04 00:22:28'),
(81, 'Запасные части и комплектующие', 'zapasnyechast6', 'Запасные части и комплектующие', 'Запасные части и комплектующие', 'Запасные части и комплектующие', 28, '2019-02-04 00:22:59', '2019-02-04 00:22:59'),
(82, 'Б/у', 'bu6', 'Б/у', 'Б/у', 'Б/у', 28, '2019-02-04 00:25:32', '2019-02-04 00:25:32'),
(83, 'Запасные части и комплектующие', 'zapasnyechast7', 'Запасные части и комплектующие', 'Запасные части и комплектующие', 'Запасные части и комплектующие', 29, '2019-02-04 00:25:55', '2019-02-04 00:25:55'),
(84, 'Б/у', 'bu7', 'Б/у', 'Б/у', 'Б/у', 29, '2019-02-04 00:26:20', '2019-02-04 00:26:20'),
(85, 'Холодные комнаты', 'holodnyekomnaty', 'Холодные комнаты', 'Холодные комнаты', 'Холодные комнаты', 30, '2019-02-04 00:31:51', '2019-02-04 00:31:51'),
(86, 'Климатическое оборудование', 'klimaticheskoe', 'Климатическое оборудование', 'Климатическое оборудование', 'Климатическое оборудование', 30, '2019-02-04 00:32:35', '2019-02-04 00:32:35'),
(87, 'Запасные части и комплектующие', 'zapasnyechast8', 'Запасные части и комплектующие', 'Запасные части и комплектующие', 'Запасные части и комплектующие', 30, '2019-02-04 00:33:09', '2019-02-04 00:33:09'),
(88, 'Б/у', 'bu8', 'Б/у', 'Б/у', 'Б/у', 30, '2019-02-04 00:33:44', '2019-02-04 00:33:44'),
(89, 'Запасные части и комплектующие', 'zapasnyechast9', 'Запасные части и комплектующие', 'Запасные части и комплектующие', 'Запасные части и комплектующие', 31, '2019-02-04 00:35:00', '2019-02-04 00:35:00'),
(90, 'Б/у', 'bu9', 'Б/у', 'Б/у', 'Б/у', 31, '2019-02-04 00:35:24', '2019-02-04 00:35:24'),
(91, 'Медальоны', 'medaliony', 'Медальоны', 'Медальоны', 'Медальоны', 32, '2019-02-04 00:36:22', '2019-02-04 00:36:22'),
(92, 'Каплесборники', 'kaplesborniki', 'Каплесборники', 'Каплесборники', 'Каплесборники', 32, '2019-02-04 00:37:18', '2019-02-04 00:37:18'),
(93, 'Запасные части и комплектующие', 'zapasnyechast10', 'Запасные части и комплектующие', 'Запасные части и комплектующие', 'Запасные части и комплектующие', 32, '2019-02-04 00:39:04', '2019-02-04 00:39:04'),
(94, 'Б/у', 'bu10', 'Б/у', 'Б/у', 'Б/у', 32, '2019-02-04 00:39:31', '2019-02-04 00:39:31'),
(95, 'Шланги для пива', 'shlangi', 'Шланги для пива', 'Шланги для пива', 'Шланги для пива', 33, '2019-02-04 00:40:25', '2019-02-04 00:40:25'),
(96, 'Шланги для газа', 'shkangidlyagaza', 'Шланги для газа', 'Шланги для газа', 'Шланги для газа', 33, '2019-02-04 00:41:10', '2019-02-04 00:41:10'),
(97, 'Прочие шланги', 'prochieshlangi', 'Прочие шланги', 'Прочие шланги', 'Прочие шланги', 33, '2019-02-04 00:43:11', '2019-02-04 00:43:11'),
(98, 'Питоны', 'pitony', 'Питоны', 'Питоны', 'Питоны', 36, '2019-02-04 00:43:44', '2019-02-04 00:43:44'),
(99, 'Термоизоляция', 'termoizolyacia1', 'Термоизоляция', 'Термоизоляция', 'Термоизоляция', 36, '2019-02-04 00:44:17', '2019-02-04 00:44:17'),
(100, 'Солод', 'solod', 'Солод', 'Солод', 'Солод', 38, '2019-02-04 00:45:00', '2019-02-04 00:45:00'),
(101, 'Хмель', 'hmel', 'Хмель', 'Хмель', 'Хмель', 38, '2019-02-04 00:47:21', '2019-02-04 00:47:21'),
(102, 'Дрожжи', 'drozhi', 'Дрожжи', 'Дрожжи', 'Дрожжи', 38, '2019-02-04 00:50:40', '2019-02-04 00:50:40'),
(103, 'Концентрат квасного сусла', 'koncentratkvasa', 'Концентрат квасного сусла', 'Концентрат квасного сусла', 'Концентрат квасного сусла', 39, '2019-02-04 00:51:21', '2019-02-04 00:51:21'),
(104, 'Посуда из пластика', 'posudaizplastika', 'Посуда из пластика', 'Посуда из пластика', 'Посуда из пластика', 44, '2019-02-04 00:52:36', '2019-02-04 00:52:36'),
(105, 'Стеклянная посуда', 'steklyannayaposuda', 'Стеклянная посуда', 'Стеклянная посуда', 'Стеклянная посуда', 44, '2019-02-04 00:54:06', '2019-02-04 00:54:06'),
(106, 'Керамическая посуда', 'keramicheskaya', 'Керамическая посуда', 'Керамическая посуда', 'Керамическая посуда', 44, '2019-02-04 00:54:48', '2019-02-04 00:54:48'),
(107, 'Мебель', 'mebely', 'Мебель', 'Мебель', 'Мебель', 45, '2019-02-04 00:56:00', '2019-02-04 00:56:00'),
(108, 'Б/у', 'bu11', 'Б/у', 'Б/у', 'Б/у', 45, '2019-02-04 00:57:21', '2019-02-04 00:57:21'),
(109, 'Запасные части и комплектующие', 'zapasnyechast11', 'Запасные части и комплектующие', 'Запасные части и комплектующие', 'Запасные части и комплектующие', 45, '2019-02-04 00:57:41', '2019-02-04 00:57:41'),
(110, 'Аксессуары', 'aksessuary', 'Аксессуары', 'Аксессуары', 'Аксессуары', 45, '2019-02-04 00:58:18', '2019-02-04 00:58:18'),
(111, 'Запасные части и комплектующие', 'zapasnyechast12', 'Запасные части и комплектующие', 'Запасные части и комплектующие', 'Запасные части и комплектующие', 46, '2019-02-04 00:59:36', '2019-02-04 00:59:36'),
(112, 'Б/у', 'bu12', 'Б/у', 'Б/у', 'Б/у', 46, '2019-02-04 01:00:02', '2019-02-04 01:00:02'),
(113, 'Запасные части и комплектующие', 'zapasnyechast13', 'Запасные части и комплектующие', 'Запасные части и комплектующие', 'Запасные части и комплектующие', 47, '2019-02-04 01:00:24', '2019-02-04 01:00:24'),
(114, 'Б/у', 'bu13', 'Б/у', 'Б/у', 'Б/у', 47, '2019-02-04 01:00:52', '2019-02-04 01:00:52'),
(115, 'Измерительные приборы', 'izmeritilnyepribory', 'Измерительные приборы', 'Измерительные приборы', 'Измерительные приборы', 47, '2019-02-04 01:01:34', '2019-02-04 01:01:34'),
(116, 'Запасные части и комплектующие', 'zapasnyechast14', 'Запасные части и комплектующие', 'Запасные части и комплектующие', 'Запасные части и комплектующие', 50, '2019-02-04 01:02:16', '2019-02-04 01:02:16'),
(117, 'Пластиковые термо-кеги', 'plastikovyekegi', 'Пластиковые термо-кеги', 'Пластиковые термо-кеги', 'Пластиковые термо-кеги', 50, '2019-02-04 01:02:54', '2019-02-04 01:02:54'),
(118, 'Пэт-кеги', 'petkegi', 'Пэт-кеги', 'Пэт-кеги', 'Пэт-кеги', 50, '2019-02-04 01:03:56', '2019-02-04 01:03:56'),
(119, 'Б/у', 'bu14', 'Б/у', 'Б/у', 'Б/у', 50, '2019-02-04 01:05:08', '2019-02-04 01:05:08'),
(120, 'Запасные части и комплектующие', 'zapasnyechast15', 'Запасные части и комплектующие', 'Запасные части и комплектующие', 'Запасные части и комплектующие', 52, '2019-02-04 01:05:51', '2019-02-04 01:05:51'),
(121, 'Пробки', 'probki', 'Пробки', 'Пробки', 'Пробки', 53, '2019-02-04 01:06:46', '2019-02-04 01:06:46'),
(122, 'Запасные части и комплектующие', 'zapasnyechast16', 'Запасные части и комплектующие', 'Запасные части и комплектующие', 'Запасные части и комплектующие', 55, '2019-02-04 01:07:41', '2019-02-04 01:07:41'),
(123, 'Б/у', 'bu15', 'Б/у', 'Б/у', 'Б/у', 55, '2019-02-04 01:08:08', '2019-02-04 01:08:08'),
(124, 'Мини-пивоварни', 'minipivovarni', 'Мини-пивоварни', 'Мини-пивоварни', 'Мини-пивоварни', 56, '2019-02-04 01:08:53', '2019-02-04 01:08:53'),
(125, 'Запасные части и комплектующие', 'zapasnyechast17', 'Запасные части и комплектующие', 'Запасные части и комплектующие', 'Запасные части и комплектующие', 56, '2019-02-04 01:09:20', '2019-02-04 01:09:20'),
(126, 'Б/у', 'bu16', 'Б/у', 'Б/у', 'Б/у', 56, '2019-02-04 01:09:50', '2019-02-04 01:09:50'),
(127, 'Кизельгур', 'kizelgur', 'Кизельгур', 'Кизельгур', 'Кизельгур', 57, '2019-02-04 01:11:11', '2019-02-04 01:11:11'),
(128, 'Фильтр-картон', 'filtr-karton', 'Фильтр-картон', 'Фильтр-картон', 'Фильтр-картон', 57, '2019-02-04 01:11:50', '2019-02-04 01:11:50'),
(129, 'Оборудование', 'oborud', 'Оборудование', 'Оборудование', 'Оборудование', 57, '2019-02-04 01:12:20', '2019-02-04 01:12:20'),
(130, 'Запасные части и комплектующие', 'zapasnyechast18', 'Запасные части и комплектующие', 'Запасные части и комплектующие', 'Запасные части и комплектующие', 57, '2019-02-04 01:13:04', '2019-02-04 01:13:04'),
(131, 'Б/у', 'bu17', 'Б/у', 'Б/у', 'Б/у', 57, '2019-02-04 01:13:34', '2019-02-04 01:13:34'),
(132, 'Запасные части и комплектующие', 'zapasnyechast19', 'Запасные части и комплектующие', 'Запасные части и комплектующие', 'Запасные части и комплектующие', 58, '2019-02-04 01:14:18', '2019-02-04 01:14:18'),
(133, 'Б/у', 'bu18', 'Б/у', 'Б/у', 'Б/у', 58, '2019-02-04 01:14:48', '2019-02-04 01:14:48'),
(134, 'Фильтрационное оборудование', 'filtraccia', 'Фильтрационное оборудование', 'Фильтрационное оборудование', 'Фильтрационное оборудование', 59, '2019-02-04 01:17:11', '2019-02-04 01:17:11'),
(135, 'Сырье', 'syriye', 'Сырье', 'Сырье', 'Сырье', 59, '2019-02-04 01:17:57', '2019-02-04 01:17:57'),
(136, 'Запасные части и комплектующие', 'zapasnyechast20', 'Запасные части и комплектующие', 'Запасные части и комплектующие', 'Запасные части и комплектующие', 59, '2019-02-04 01:18:54', '2019-02-04 01:18:54'),
(137, 'Б/у', 'bu19', 'Б/у', 'Б/у', 'Б/у', 59, '2019-02-04 01:31:40', '2019-02-04 01:31:40');

-- --------------------------------------------------------

--
-- Table structure for table `data_rows`
--

CREATE TABLE `data_rows` (
  `id` int(10) UNSIGNED NOT NULL,
  `data_type_id` int(10) UNSIGNED NOT NULL,
  `field` varchar(255) COLLATE utf8mb4_unicode_ci NOT NULL,
  `type` varchar(255) COLLATE utf8mb4_unicode_ci NOT NULL,
  `display_name` varchar(255) COLLATE utf8mb4_unicode_ci NOT NULL,
  `required` tinyint(1) NOT NULL DEFAULT '0',
  `browse` tinyint(1) NOT NULL DEFAULT '1',
  `read` tinyint(1) NOT NULL DEFAULT '1',
  `edit` tinyint(1) NOT NULL DEFAULT '1',
  `add` tinyint(1) NOT NULL DEFAULT '1',
  `delete` tinyint(1) NOT NULL DEFAULT '1',
  `details` text COLLATE utf8mb4_unicode_ci,
  `order` int(11) NOT NULL DEFAULT '1'
) ENGINE=InnoDB DEFAULT CHARSET=utf8mb4 COLLATE=utf8mb4_unicode_ci;

--
-- Dumping data for table `data_rows`
--

INSERT INTO `data_rows` (`id`, `data_type_id`, `field`, `type`, `display_name`, `required`, `browse`, `read`, `edit`, `add`, `delete`, `details`, `order`) VALUES
(1, 1, 'id', 'number', 'ID', 1, 0, 0, 0, 0, 0, NULL, 1),
(2, 1, 'name', 'text', 'Имя', 1, 1, 1, 1, 1, 1, NULL, 2),
(3, 1, 'email', 'text', 'Email', 1, 1, 1, 1, 1, 1, NULL, 3),
(4, 1, 'password', 'password', 'Пароль', 1, 0, 0, 1, 1, 0, NULL, 4),
(5, 1, 'remember_token', 'text', 'Токен восстановления', 0, 0, 0, 0, 0, 0, NULL, 5),
(6, 1, 'created_at', 'timestamp', 'Дата создания', 0, 1, 1, 0, 0, 0, NULL, 6),
(7, 1, 'updated_at', 'timestamp', 'Дата обновления', 0, 0, 0, 0, 0, 0, NULL, 7),
(8, 1, 'avatar', 'image', 'Аватар', 0, 1, 1, 1, 1, 1, NULL, 8),
(9, 1, 'user_belongsto_role_relationship', 'relationship', 'Роль', 0, 1, 1, 1, 1, 0, '{\"model\":\"TCG\\\\Voyager\\\\Models\\\\Role\",\"table\":\"roles\",\"type\":\"belongsTo\",\"column\":\"role_id\",\"key\":\"id\",\"label\":\"display_name\",\"pivot_table\":\"roles\",\"pivot\":0}', 10),
(10, 1, 'user_belongstomany_role_relationship', 'relationship', 'Roles', 0, 1, 1, 1, 1, 0, '{\"model\":\"TCG\\\\Voyager\\\\Models\\\\Role\",\"table\":\"roles\",\"type\":\"belongsToMany\",\"column\":\"id\",\"key\":\"id\",\"label\":\"display_name\",\"pivot_table\":\"user_roles\",\"pivot\":\"1\",\"taggable\":\"0\"}', 11),
(11, 1, 'locale', 'text', 'Locale', 0, 1, 1, 1, 1, 0, NULL, 12),
(12, 1, 'settings', 'hidden', 'Settings', 0, 0, 0, 0, 0, 0, NULL, 12),
(13, 2, 'id', 'number', 'ID', 1, 0, 0, 0, 0, 0, NULL, 1),
(14, 2, 'name', 'text', 'Имя', 1, 1, 1, 1, 1, 1, NULL, 2),
(15, 2, 'created_at', 'timestamp', 'Дата создания', 0, 0, 0, 0, 0, 0, NULL, 3),
(16, 2, 'updated_at', 'timestamp', 'Дата обновления', 0, 0, 0, 0, 0, 0, NULL, 4),
(17, 3, 'id', 'number', 'ID', 1, 0, 0, 0, 0, 0, NULL, 1),
(18, 3, 'name', 'text', 'Имя', 1, 1, 1, 1, 1, 1, NULL, 2),
(19, 3, 'created_at', 'timestamp', 'Дата создания', 0, 0, 0, 0, 0, 0, NULL, 3),
(20, 3, 'updated_at', 'timestamp', 'Дата обновления', 0, 0, 0, 0, 0, 0, NULL, 4),
(21, 3, 'display_name', 'text', 'Отображаемое имя', 1, 1, 1, 1, 1, 1, NULL, 5),
(22, 1, 'role_id', 'text', 'Роль', 1, 1, 1, 1, 1, 1, NULL, 9),
(23, 4, 'id', 'text', 'Id', 1, 0, 0, 0, 0, 0, '{}', 1),
(24, 4, 'name', 'text', 'Name', 1, 1, 1, 1, 1, 1, '{}', 4),
(25, 4, 'created_at', 'timestamp', 'Created At', 0, 1, 1, 1, 0, 1, '{}', 9),
(26, 4, 'updated_at', 'timestamp', 'Updated At', 0, 0, 0, 0, 0, 0, '{}', 10),
(27, 9, 'id', 'text', 'Id', 1, 0, 0, 0, 0, 0, '{}', 1),
(28, 9, 'title', 'text', 'Метатег Title', 1, 1, 1, 1, 1, 1, '{\"validation\":{\"rule\":\"required|max:256\",\"messages\":{\"required\":\"This :attribute field is a must.\",\"max\":\"This :attribute field maximum :max.\"}}}', 2),
(29, 9, 'description', 'text', 'Метатег Description', 1, 1, 1, 1, 1, 1, '{}', 3),
(30, 9, 'name', 'text', 'Название', 1, 1, 1, 1, 1, 1, '{}', 4),
(31, 9, 'text', 'rich_text_box', 'Текст', 1, 1, 1, 1, 1, 1, '{}', 5),
(32, 9, 'status', 'checkbox', 'Статус', 1, 1, 1, 1, 1, 1, '{}', 6),
(33, 9, 'parent_id', 'text', 'Parent Id', 0, 1, 1, 1, 1, 1, '{}', 7),
(34, 9, 'sort', 'select_dropdown', 'Сортировка', 1, 1, 1, 1, 1, 1, '{\"default\":\"1\",\"options\":{\"1\":\"1\",\"2\":\"2\",\"3\":\"3\",\"4\":\"4\",\"5\":\"5\",\"6\":\"6\",\"7\":\"7\",\"8\":\"8\",\"9\":\"9\",\"10\":\"10\"}}', 8),
(35, 9, 'created_at', 'timestamp', 'Created At', 1, 0, 0, 0, 0, 0, '{}', 9),
(36, 9, 'updated_at', 'timestamp', 'Updated At', 1, 0, 0, 0, 0, 0, '{}', 10),
(37, 9, 'menu_site_belongsto_menu_site_relationship', 'relationship', 'Категория', 0, 1, 1, 1, 1, 1, '{\"model\":\"App\\\\MenuSite\",\"table\":\"menu_sites\",\"type\":\"belongsTo\",\"column\":\"parent_id\",\"key\":\"id\",\"label\":\"name\",\"pivot_table\":\"data_rows\",\"pivot\":\"0\",\"taggable\":\"0\"}', 11),
(38, 9, 'url', 'text', 'Url', 1, 1, 1, 1, 1, 1, '{}', 6),
(39, 9, 'top_footer', 'select_dropdown', 'Расположение меню', 0, 1, 1, 1, 1, 1, '{\"default\":\"0\",\"options\":{\"0\":\"\\u0412\\u0435\\u0440\\u0445\\u043d\\u0435\\u0435\",\"1\":\"\\u041d\\u0438\\u0436\\u043d\\u0435\\u0435\",\"2\":\"\\u0412\\u0435\\u0437\\u0434\\u0435\"}}', 7),
(40, 12, 'id', 'text', 'Id', 1, 0, 0, 0, 0, 0, '{}', 1),
(41, 12, 'title', 'rich_text_box', 'Текст', 1, 1, 1, 1, 1, 1, '{}', 2),
(42, 12, 'img', 'image', 'Картинка', 1, 1, 1, 1, 1, 1, '{}', 3),
(43, 12, 'created_at', 'timestamp', 'Created At', 1, 0, 0, 0, 0, 0, '{}', 4),
(44, 12, 'updated_at', 'timestamp', 'Updated At', 1, 0, 0, 0, 0, 0, '{}', 5),
(45, 13, 'id', 'text', 'Id', 1, 0, 0, 0, 0, 0, '{}', 1),
(46, 13, 'title', 'rich_text_box', 'Текст', 1, 1, 1, 1, 1, 1, '{}', 2),
(47, 13, 'img', 'image', 'Картинка', 1, 1, 1, 1, 1, 1, '{}', 3),
(48, 13, 'created_at', 'timestamp', 'Created At', 1, 0, 0, 0, 0, 0, '{}', 4),
(49, 13, 'updated_at', 'timestamp', 'Updated At', 1, 0, 0, 0, 0, 0, '{}', 5),
(50, 14, 'id', 'text', 'Id', 1, 0, 0, 0, 0, 0, '{}', 1),
(51, 14, 'name', 'text', 'ФИО', 1, 1, 1, 1, 1, 1, '{}', 2),
(52, 14, 'komania', 'text', 'Компания', 1, 1, 1, 1, 1, 1, '{}', 3),
(53, 14, 'dolzhnost', 'text', 'Должность', 1, 1, 1, 1, 1, 1, '{}', 4),
(54, 14, 'video', 'text', 'Видео', 1, 1, 1, 1, 1, 1, '{}', 5),
(55, 14, 'created_at', 'timestamp', 'Created At', 1, 0, 0, 0, 0, 0, '{}', 6),
(56, 14, 'updated_at', 'timestamp', 'Updated At', 1, 0, 0, 0, 0, 0, '{}', 7),
(57, 17, 'id', 'text', 'Id', 1, 0, 0, 0, 0, 0, '{}', 1),
(58, 17, 'name', 'text', 'Название', 1, 1, 1, 1, 1, 1, '{}', 2),
(59, 17, 'text', 'rich_text_box', 'Текст', 1, 1, 1, 1, 1, 1, '{}', 3),
(60, 17, 'url', 'text', 'Url', 1, 1, 1, 1, 1, 1, '{}', 4),
(61, 17, 'top', 'checkbox', 'На главной', 1, 1, 1, 1, 1, 1, '{}', 5),
(62, 17, 'created_at', 'timestamp', 'Created At', 1, 0, 0, 0, 0, 0, '{}', 6),
(63, 17, 'updated_at', 'timestamp', 'Updated At', 1, 0, 0, 0, 0, 0, '{}', 7),
(64, 18, 'id', 'text', 'Id', 1, 0, 0, 0, 0, 0, '{}', 1),
(65, 18, 'name', 'text', 'Название товара', 1, 1, 1, 1, 1, 1, '{}', 2),
(66, 18, 'preimuzhestva', 'rich_text_box', 'Преимущества', 1, 1, 1, 1, 1, 1, '{}', 3),
(67, 18, 'opisanie', 'rich_text_box', 'Описание 1', 1, 1, 1, 1, 1, 1, '{}', 7),
(68, 18, 'opisanie2', 'rich_text_box', 'Описание 2', 1, 1, 1, 1, 1, 1, '{}', 8),
(69, 18, 'img', 'image', 'Картинка', 1, 1, 1, 1, 1, 1, '{}', 9),
(70, 18, 'created_at', 'timestamp', 'Created At', 1, 0, 0, 0, 0, 0, '{}', 10),
(71, 18, 'updated_at', 'timestamp', 'Updated At', 1, 0, 0, 0, 0, 0, '{}', 12),
(72, 19, 'id', 'text', 'Id', 1, 0, 0, 0, 0, 0, '{}', 1),
(73, 19, 'name', 'text', 'Название', 1, 1, 1, 1, 1, 1, '{}', 2),
(74, 19, 'url', 'text', 'Url', 1, 1, 1, 1, 1, 1, '{}', 3),
(75, 19, 'title', 'text', 'Title', 1, 1, 1, 1, 1, 1, '{}', 4),
(76, 19, 'description', 'text', 'Description', 1, 1, 1, 1, 1, 1, '{}', 5),
(77, 19, 'created_at', 'timestamp', 'Created At', 1, 0, 0, 0, 0, 0, '{}', 7),
(78, 19, 'updated_at', 'timestamp', 'Updated At', 1, 0, 0, 0, 0, 0, '{}', 8),
(80, 18, 'price', 'text', 'Price', 1, 1, 1, 1, 1, 1, '{}', 13),
(81, 18, 'popularnie', 'text', 'Popularnie', 0, 1, 1, 1, 1, 1, '{}', 14),
(82, 18, 'category_id', 'text', 'Категория', 1, 1, 1, 1, 1, 1, '{}', 15),
(83, 18, 'url', 'text', 'Url', 1, 1, 1, 1, 1, 1, '{\"validation\":{\"rule\":\"required\"}}', 11),
(84, 20, 'id', 'text', 'Id', 1, 0, 0, 0, 0, 0, '{}', 1),
(85, 20, 'title', 'text', 'Название', 1, 1, 1, 1, 1, 1, '{}', 2),
(86, 20, 'text', 'text', 'Текст', 1, 1, 1, 1, 1, 1, '{}', 3),
(87, 20, 'img', 'image', 'Картинка', 1, 1, 1, 1, 1, 1, '{}', 4),
(88, 20, 'created_at', 'timestamp', 'Created At', 1, 0, 0, 0, 0, 0, '{}', 5),
(89, 20, 'updated_at', 'timestamp', 'Updated At', 1, 0, 0, 0, 0, 0, '{}', 6),
(90, 21, 'id', 'text', 'Id', 1, 0, 0, 0, 0, 0, '{}', 1),
(91, 21, 'title', 'text', 'Название', 1, 1, 1, 1, 1, 1, '{}', 2),
(92, 21, 'text', 'text', 'Текст', 1, 1, 1, 1, 1, 1, '{}', 3),
(93, 21, 'img', 'text', 'Картинка', 1, 1, 1, 1, 1, 1, '{}', 4),
(94, 21, 'created_at', 'timestamp', 'Created At', 1, 0, 0, 0, 0, 0, '{}', 5),
(95, 21, 'updated_at', 'timestamp', 'Updated At', 1, 0, 0, 0, 0, 0, '{}', 6),
(96, 22, 'id', 'text', 'Id', 1, 0, 0, 0, 0, 0, '{}', 1),
(97, 22, 'title', 'text', 'Название', 1, 1, 1, 1, 1, 1, '{}', 2),
(98, 22, 'text', 'text', 'Текст', 1, 1, 1, 1, 1, 1, '{}', 3),
(99, 22, 'img', 'image', 'Картинка', 1, 1, 1, 1, 1, 1, '{}', 4),
(100, 22, 'created_at', 'timestamp', 'Created At', 1, 0, 0, 0, 0, 0, '{}', 5),
(101, 22, 'updated_at', 'timestamp', 'Updated At', 1, 0, 0, 0, 0, 0, '{}', 6),
(102, 9, 'img', 'image', 'Картинка', 0, 1, 1, 1, 1, 1, '{}', 13),
(103, 24, 'id', 'text', 'Id', 1, 0, 0, 0, 0, 0, '{}', 1),
(104, 24, 'title', 'text', 'Title', 1, 1, 1, 0, 0, 1, '{}', 2),
(105, 24, 'description', 'text', 'Метатег description', 1, 1, 1, 1, 1, 1, '{}', 3),
(106, 24, 'name', 'text', 'Название статьи', 1, 1, 1, 1, 1, 1, '{}', 4),
(107, 24, 'text', 'rich_text_box', 'Текст', 1, 1, 1, 1, 1, 1, '{}', 6),
(108, 24, 'url', 'text', 'Url', 1, 1, 1, 0, 0, 1, '{\"validation\":{\"rule\":\"required\"}}', 8),
(109, 24, 'status', 'checkbox', 'Статус', 1, 1, 1, 1, 1, 1, '{}', 9),
(110, 24, 'sort', 'text', 'Сортировка', 0, 0, 0, 0, 0, 0, '{}', 10),
(111, 24, 'created_at', 'timestamp', 'Created At', 1, 0, 0, 0, 0, 0, '{}', 11),
(112, 24, 'updated_at', 'timestamp', 'Updated At', 1, 0, 0, 0, 0, 0, '{}', 12),
(113, 24, 'img', 'image', 'Картинка', 0, 1, 1, 1, 1, 1, '{}', 13),
(114, 25, 'id', 'text', 'Id', 1, 0, 0, 0, 0, 0, '{}', 1),
(115, 25, 'name', 'text', 'Название', 1, 1, 1, 1, 1, 1, '{}', 2),
(116, 25, 'text', 'text', 'Текст', 0, 0, 0, 0, 0, 0, '{}', 3),
(117, 25, 'img', 'image', 'Картинка', 1, 1, 1, 1, 1, 1, '{}', 4),
(118, 25, 'url', 'text', 'Url', 0, 0, 0, 0, 0, 0, '{}', 5),
(119, 25, 'created_at', 'timestamp', 'Created At', 1, 0, 0, 0, 0, 0, '{}', 6),
(120, 25, 'updated_at', 'timestamp', 'Updated At', 1, 0, 0, 0, 0, 0, '{}', 7),
(122, 19, 'parent_id', 'text', 'Категория', 1, 0, 1, 1, 1, 1, '{}', 6),
(123, 9, 'keywords', 'text', 'Ключевые слова', 1, 1, 1, 1, 1, 1, '{}', 4),
(124, 24, 'keywords', 'text', 'Ключевые слова', 0, 0, 0, 0, 0, 1, '{}', 5),
(125, 19, 'keywords', 'text', 'Ключевые слова', 1, 1, 1, 1, 1, 1, '{}', 6),
(126, 18, 'title', 'text', 'Title', 1, 1, 1, 1, 1, 1, '{}', 4),
(127, 18, 'description', 'text', 'Описание', 1, 1, 1, 1, 1, 1, '{}', 5),
(128, 18, 'keywords', 'text', 'Ключевые слова', 1, 1, 1, 1, 1, 1, '{}', 6),
(129, 24, 'kr_opisanie', 'rich_text_box', 'Краткое описание', 1, 1, 1, 1, 1, 1, '{}', 7);

-- --------------------------------------------------------

--
-- Table structure for table `data_types`
--

CREATE TABLE `data_types` (
  `id` int(10) UNSIGNED NOT NULL,
  `name` varchar(255) COLLATE utf8mb4_unicode_ci NOT NULL,
  `slug` varchar(255) COLLATE utf8mb4_unicode_ci NOT NULL,
  `display_name_singular` varchar(255) COLLATE utf8mb4_unicode_ci NOT NULL,
  `display_name_plural` varchar(255) COLLATE utf8mb4_unicode_ci NOT NULL,
  `icon` varchar(255) COLLATE utf8mb4_unicode_ci DEFAULT NULL,
  `model_name` varchar(255) COLLATE utf8mb4_unicode_ci DEFAULT NULL,
  `policy_name` varchar(255) COLLATE utf8mb4_unicode_ci DEFAULT NULL,
  `controller` varchar(255) COLLATE utf8mb4_unicode_ci DEFAULT NULL,
  `description` varchar(255) COLLATE utf8mb4_unicode_ci DEFAULT NULL,
  `generate_permissions` tinyint(1) NOT NULL DEFAULT '0',
  `server_side` tinyint(4) NOT NULL DEFAULT '0',
  `details` text COLLATE utf8mb4_unicode_ci,
  `created_at` timestamp NULL DEFAULT NULL,
  `updated_at` timestamp NULL DEFAULT NULL
) ENGINE=InnoDB DEFAULT CHARSET=utf8mb4 COLLATE=utf8mb4_unicode_ci;

--
-- Dumping data for table `data_types`
--

INSERT INTO `data_types` (`id`, `name`, `slug`, `display_name_singular`, `display_name_plural`, `icon`, `model_name`, `policy_name`, `controller`, `description`, `generate_permissions`, `server_side`, `details`, `created_at`, `updated_at`) VALUES
(1, 'users', 'users', 'Пользователь', 'Пользователи', 'voyager-person', 'TCG\\Voyager\\Models\\User', 'TCG\\Voyager\\Policies\\UserPolicy', '', '', 1, 0, NULL, '2018-12-05 05:34:46', '2018-12-05 05:34:46'),
(2, 'menus', 'menus', 'Меню', 'Меню', 'voyager-list', 'TCG\\Voyager\\Models\\Menu', NULL, '', '', 1, 0, NULL, '2018-12-05 05:34:46', '2018-12-05 05:34:46'),
(3, 'roles', 'roles', 'Роль', 'Роли', 'voyager-lock', 'TCG\\Voyager\\Models\\Role', NULL, '', '', 1, 0, NULL, '2018-12-05 05:34:46', '2018-12-05 05:34:46'),
(4, 'menu', 'menu_site', 'Menu', 'Menus', NULL, 'App\\Menu', NULL, NULL, NULL, 1, 0, '{\"order_column\":null,\"order_display_column\":null}', '2018-12-05 05:36:12', '2018-12-05 05:37:41'),
(8, 'menu_site', 'menu-site', 'Menu Site', 'Menu Sites', NULL, 'App\\MenuSite', NULL, NULL, NULL, 1, 0, '{\"order_column\":null,\"order_display_column\":null}', '2018-12-05 05:40:55', '2018-12-05 05:40:55'),
(9, 'menu_sites', 'menu-sites', 'Menu Site', 'Menu Sites', NULL, 'App\\MenuSite', NULL, NULL, NULL, 1, 0, '{\"order_column\":null,\"order_display_column\":null}', '2018-12-05 05:42:51', '2019-02-03 21:40:06'),
(11, 'preimuzhesva', 'preimuzhesva', 'Preimuzhesva', 'Preimuzhesvas', NULL, 'App\\Preimuzhesva', NULL, NULL, NULL, 1, 0, '{\"order_column\":null,\"order_display_column\":null}', '2018-12-06 22:18:45', '2018-12-06 22:18:45'),
(12, 'preimuzhesvas', 'preimuzhesvas', 'Preimuzhesva', 'Preimuzhesvas', NULL, 'App\\Preimuzhesva', NULL, NULL, NULL, 1, 0, '{\"order_column\":null,\"order_display_column\":null}', '2018-12-06 22:20:29', '2018-12-06 22:20:29'),
(13, 'sliders', 'sliders', 'Slider', 'Sliders', NULL, 'App\\Slider', NULL, NULL, NULL, 1, 0, '{\"order_column\":null,\"order_display_column\":null}', '2018-12-06 22:42:36', '2018-12-06 22:42:36'),
(14, 'videootzivis', 'videootzivis', 'Videootzivi', 'Videootzivis', NULL, 'App\\Videootzivi', NULL, NULL, NULL, 1, 0, '{\"order_column\":null,\"order_display_column\":null}', '2018-12-06 22:51:47', '2018-12-06 22:51:47'),
(16, 'sovetys', 'sovetys', 'Sovety', 'Soveties', NULL, 'App\\Sovety', NULL, NULL, NULL, 1, 0, '{\"order_column\":null,\"order_display_column\":null}', '2018-12-06 23:05:30', '2018-12-06 23:05:30'),
(17, 'soveties', 'soveties', 'Sovety', 'Soveties', NULL, 'App\\Sovety', NULL, NULL, NULL, 1, 0, '{\"order_column\":null,\"order_display_column\":null}', '2018-12-06 23:07:25', '2018-12-06 23:07:25'),
(18, 'tovaries', 'tovaries', 'Tovary', 'Tovaries', NULL, 'App\\Tovary', NULL, NULL, NULL, 1, 0, '{\"order_column\":null,\"order_display_column\":null}', '2018-12-06 23:26:22', '2019-02-03 21:42:57'),
(19, 'category_tovaries', 'category-tovaries', 'Category Tovary', 'Category Tovaries', NULL, 'App\\CategoryTovary', NULL, NULL, NULL, 1, 0, '{\"order_column\":null,\"order_display_column\":null}', '2018-12-06 23:39:33', '2019-02-03 21:52:10'),
(20, 'uslugies', 'uslugies', 'Uslugy', 'Uslugies', NULL, 'App\\Uslugy', NULL, NULL, NULL, 1, 0, '{\"order_column\":null,\"order_display_column\":null}', '2018-12-07 01:15:32', '2018-12-07 01:15:32'),
(21, 'dostavka', 'dostavka', 'Dostavka', 'Dostavkas', NULL, 'App\\Dostavka', NULL, NULL, NULL, 1, 0, '{\"order_column\":null,\"order_display_column\":null}', '2018-12-07 02:00:54', '2018-12-07 02:00:54'),
(22, 'dostavkas', 'dostavkas', 'Dostavka', 'Dostavkas', NULL, 'App\\Dostavka', NULL, NULL, NULL, 1, 0, '{\"order_column\":null,\"order_display_column\":null}', '2018-12-07 02:02:36', '2018-12-07 02:03:19'),
(24, 'news', 'news', 'News', 'News', NULL, 'App\\News', NULL, NULL, NULL, 1, 0, '{\"order_column\":null,\"order_display_column\":null}', '2018-12-20 22:22:55', '2019-06-12 04:30:59'),
(25, 'partners', 'partners', 'Partner', 'Partners', NULL, 'App\\Partner', NULL, NULL, NULL, 1, 0, '{\"order_column\":null,\"order_display_column\":null}', '2019-01-08 23:18:27', '2019-01-08 23:18:27');

-- --------------------------------------------------------

--
-- Table structure for table `dostavkas`
--

CREATE TABLE `dostavkas` (
  `id` int(11) NOT NULL,
  `title` varchar(255) NOT NULL,
  `text` varchar(255) NOT NULL,
  `img` varchar(255) NOT NULL,
  `created_at` timestamp NOT NULL DEFAULT CURRENT_TIMESTAMP ON UPDATE CURRENT_TIMESTAMP,
  `updated_at` timestamp NOT NULL DEFAULT '0000-00-00 00:00:00'
) ENGINE=InnoDB DEFAULT CHARSET=utf8;

--
-- Dumping data for table `dostavkas`
--

INSERT INTO `dostavkas` (`id`, `title`, `text`, `img`, `created_at`, `updated_at`) VALUES
(1, 'Оставляете заявку на сайте', 'Lorem ipsum dolor sit amet, consectetur adipisicing elit, sed do eiusmod tempor incididunt ut labore et dolore magna aliqua.', 'dostavkas\\December2018\\xhbuqb4TqpKKAeFRC55N.png', '2019-06-10 03:23:38', '2019-06-09 21:23:38'),
(2, 'Выбираете способ оплаты и доставки', 'Lorem ipsum dolor sit amet, consectetur adipisicing elit, sed do eiusmod tempor incididunt ut labore et dolore magna aliqua.', 'dostavkas\\December2018\\CdLhsxNqnWxxeRBOUEvm.png', '2018-12-07 02:05:54', '2018-12-07 02:05:54'),
(3, 'Получаете доставку с консультацией', 'Lorem ipsum dolor sit amet, consectetur adipisicing elit, sed do eiusmod tempor incididunt ut labore et dolore magna aliqua.', 'dostavkas\\December2018\\u7ExrKuhYn1ABkA7y6VD.png', '2018-12-07 02:06:30', '2018-12-07 02:06:30');

-- --------------------------------------------------------

--
-- Table structure for table `menus`
--

CREATE TABLE `menus` (
  `id` int(10) UNSIGNED NOT NULL,
  `name` varchar(255) COLLATE utf8mb4_unicode_ci NOT NULL,
  `created_at` timestamp NULL DEFAULT NULL,
  `updated_at` timestamp NULL DEFAULT NULL
) ENGINE=InnoDB DEFAULT CHARSET=utf8mb4 COLLATE=utf8mb4_unicode_ci;

--
-- Dumping data for table `menus`
--

INSERT INTO `menus` (`id`, `name`, `created_at`, `updated_at`) VALUES
(1, 'admin', '2018-12-05 05:34:46', '2018-12-05 05:34:46');

-- --------------------------------------------------------

--
-- Table structure for table `menu_items`
--

CREATE TABLE `menu_items` (
  `id` int(10) UNSIGNED NOT NULL,
  `menu_id` int(10) UNSIGNED DEFAULT NULL,
  `title` varchar(255) COLLATE utf8mb4_unicode_ci NOT NULL,
  `url` varchar(255) COLLATE utf8mb4_unicode_ci NOT NULL,
  `target` varchar(255) COLLATE utf8mb4_unicode_ci NOT NULL DEFAULT '_self',
  `icon_class` varchar(255) COLLATE utf8mb4_unicode_ci DEFAULT NULL,
  `color` varchar(255) COLLATE utf8mb4_unicode_ci DEFAULT NULL,
  `parent_id` int(11) DEFAULT NULL,
  `order` int(11) NOT NULL,
  `created_at` timestamp NULL DEFAULT NULL,
  `updated_at` timestamp NULL DEFAULT NULL,
  `route` varchar(255) COLLATE utf8mb4_unicode_ci DEFAULT NULL,
  `parameters` text COLLATE utf8mb4_unicode_ci
) ENGINE=InnoDB DEFAULT CHARSET=utf8mb4 COLLATE=utf8mb4_unicode_ci;

--
-- Dumping data for table `menu_items`
--

INSERT INTO `menu_items` (`id`, `menu_id`, `title`, `url`, `target`, `icon_class`, `color`, `parent_id`, `order`, `created_at`, `updated_at`, `route`, `parameters`) VALUES
(1, 1, 'Панель управления', '', '_self', 'voyager-boat', NULL, NULL, 1, '2018-12-05 05:34:46', '2018-12-05 05:34:46', 'voyager.dashboard', NULL),
(2, 1, 'Медиа', '', '_self', 'voyager-images', NULL, NULL, 4, '2018-12-05 05:34:46', '2018-12-06 22:19:25', 'voyager.media.index', NULL),
(3, 1, 'Пользователи', '', '_self', 'voyager-person', NULL, NULL, 3, '2018-12-05 05:34:46', '2018-12-05 05:34:46', 'voyager.users.index', NULL),
(4, 1, 'Роли', '', '_self', 'voyager-lock', NULL, NULL, 2, '2018-12-05 05:34:46', '2018-12-05 05:34:46', 'voyager.roles.index', NULL),
(5, 1, 'Инструменты', '', '_self', 'voyager-tools', NULL, NULL, 5, '2018-12-05 05:34:46', '2018-12-06 22:19:25', NULL, NULL),
(6, 1, 'Конструктор Меню', '', '_self', 'voyager-list', NULL, 5, 1, '2018-12-05 05:34:46', '2018-12-06 22:19:25', 'voyager.menus.index', NULL),
(7, 1, 'База данных', '', '_self', 'voyager-data', NULL, 5, 2, '2018-12-05 05:34:46', '2018-12-06 22:19:25', 'voyager.database.index', NULL),
(8, 1, 'Compass', '', '_self', 'voyager-compass', NULL, 5, 3, '2018-12-05 05:34:46', '2018-12-06 22:19:25', 'voyager.compass.index', NULL),
(9, 1, 'BREAD', '', '_self', 'voyager-bread', NULL, 5, 4, '2018-12-05 05:34:46', '2018-12-06 22:19:25', 'voyager.bread.index', NULL),
(10, 1, 'Настройки', '', '_self', 'voyager-settings', NULL, NULL, 7, '2018-12-05 05:34:46', '2018-12-06 22:19:25', 'voyager.settings.index', NULL),
(11, 1, 'Hooks', '', '_self', 'voyager-hook', NULL, NULL, 6, '2018-12-05 05:34:46', '2018-12-06 22:19:25', 'voyager.hooks', NULL),
(14, 1, 'Меню', '', '_self', 'voyager-window-list', '#000000', NULL, 8, '2018-12-05 05:42:51', '2018-12-06 22:19:25', 'voyager.menu-sites.index', 'null'),
(17, 1, 'Преимущества', '', '_self', 'voyager-window-list', '#000000', NULL, 10, '2018-12-06 22:20:29', '2018-12-06 22:21:03', 'voyager.preimuzhesvas.index', 'null'),
(18, 1, 'Слайдер', '', '_self', 'voyager-window-list', '#000000', NULL, 11, '2018-12-06 22:42:36', '2018-12-06 22:42:54', 'voyager.sliders.index', 'null'),
(19, 1, 'Видео отзывы', '', '_self', 'voyager-window-list', '#000000', NULL, 12, '2018-12-06 22:51:47', '2018-12-06 22:52:12', 'voyager.videootzivis.index', 'null'),
(21, 1, 'Полезные советы', '', '_self', 'voyager-window-list', '#000000', NULL, 13, '2018-12-06 23:07:25', '2018-12-06 23:07:38', 'voyager.soveties.index', 'null'),
(22, 1, 'Товары', '', '_self', 'voyager-window-list', '#000000', NULL, 14, '2018-12-06 23:26:22', '2018-12-06 23:27:37', 'voyager.tovaries.index', 'null'),
(23, 1, 'Категории товаров', '', '_self', 'voyager-window-list', '#000000', NULL, 15, '2018-12-06 23:39:33', '2018-12-06 23:40:20', 'voyager.category-tovaries.index', 'null'),
(24, 1, 'Услуги', '', '_self', 'voyager-window-list', '#000000', NULL, 16, '2018-12-07 01:15:32', '2018-12-07 01:15:56', 'voyager.uslugies.index', 'null'),
(27, 1, 'Доставка', '', '_self', 'voyager-window-list', '#000000', NULL, 17, '2018-12-07 02:03:55', '2018-12-07 02:05:06', 'voyager.dostavkas.index', 'null'),
(28, 1, 'Новости', '', '_self', 'voyager-window-list', '#000000', NULL, 18, '2018-12-20 22:22:55', '2018-12-20 22:24:13', 'voyager.news.index', 'null'),
(29, 1, 'Партнеры', '', '_self', 'voyager-window-list', '#000000', NULL, 19, '2019-01-08 23:18:27', '2019-01-08 23:18:43', 'voyager.partners.index', 'null');

-- --------------------------------------------------------

--
-- Table structure for table `menu_sites`
--

CREATE TABLE `menu_sites` (
  `id` int(11) NOT NULL,
  `title` varchar(255) NOT NULL,
  `description` text NOT NULL,
  `keywords` text NOT NULL,
  `name` varchar(255) NOT NULL,
  `text` text NOT NULL,
  `url` varchar(255) NOT NULL,
  `top_footer` int(11) DEFAULT '0',
  `status` int(11) NOT NULL,
  `parent_id` int(11) DEFAULT NULL,
  `sort` int(11) NOT NULL,
  `created_at` timestamp NOT NULL DEFAULT CURRENT_TIMESTAMP ON UPDATE CURRENT_TIMESTAMP,
  `updated_at` timestamp NOT NULL DEFAULT '0000-00-00 00:00:00',
  `img` varchar(255) DEFAULT NULL
) ENGINE=InnoDB DEFAULT CHARSET=utf8;

--
-- Dumping data for table `menu_sites`
--

INSERT INTO `menu_sites` (`id`, `title`, `description`, `keywords`, `name`, `text`, `url`, `top_footer`, `status`, `parent_id`, `sort`, `created_at`, `updated_at`, `img`) VALUES
(1, 'Каталог товаров', 'Каталог товаров', '', 'Каталог товаров', '<p>Каталог товаров</p>', 'catalog', 0, 1, NULL, 1, '2018-12-05 05:59:00', '2018-12-05 06:00:20', NULL),
(3, 'О компании', '«OPREMA Almaty» с 2004 года является ведущей компанией по продаже оборудования для розлива пива, охладителей, пивных башен, устройств беспенного розлива (PEGAS), пищевых шлангов, пивных кранов, всех типов кег и их составляющих.', '', 'О компании', '<p>&laquo;OPREMA Almaty&raquo; с 2004 года является ведущей компанией по продаже оборудования для розлива пива, охладителей, пивных башен, устройств беспенного розлива (PEGAS), пищевых шлангов, пивных кранов, всех типов кег и их составляющих, оборудования и средств для промывки и дезинфекции, баллонов с углекислотой, минипивоварен, пивной посуды, а так же сырья и реактивов для производства пива, кваса и безалкогольных напитков на территории Республики Казахстан, Узбекистан и Киргизии с центральным офисом в г. Алматы.</p>', 'about', 2, 1, NULL, 3, '2019-01-23 18:49:55', '2019-01-23 12:49:55', NULL),
(4, 'Новости', 'Новости', '', 'Новости', '<p>Новости</p>', 'news', 0, 1, NULL, 4, '2018-12-05 22:51:04', '2018-12-05 22:51:04', NULL),
(5, 'Доставка', 'Доставка', '', 'Доставка', '<p>Доставка</p>', 'dostavka', 2, 1, NULL, 5, '2018-12-05 22:51:43', '2018-12-07 02:21:35', NULL),
(6, 'Контакты', 'Контакты', '', 'Контакты', '<h4><strong><u>ТОО &laquo;</u></strong><strong><u>OPREMA</u></strong><strong><u>-</u></strong><strong><u>Almaty</u></strong><strong><u>&raquo; (ОПРЕМА-Алматы)</u></strong></h4>\r\n<h4><strong>РК, А05Е9Р2, г.Алматы, </strong></h4>\r\n<h4><strong>ул. Макатаева, 117, блок &laquo;А&raquo;, оф. 513</strong></h4>\r\n<h4><strong>Тел.: +7 778 746 06 90 +7 (727) 220 99 07</strong></h4>\r\n<h4><strong>e-mail: </strong><a href=\"mailto:info@oprema.kz\" target=\"_blank\" rel=\"noopener noreferrer\"><strong>info@oprema.kz</strong></a><strong>, <a href=\"mailto:sales@oprema.kz\" target=\"_blank\" rel=\"noopener noreferrer\">sales@oprema.kz</a></strong></h4>', 'kontakty', 2, 1, NULL, 6, '2019-01-23 18:39:58', '2019-01-23 12:39:58', NULL),
(7, 'Услуги', 'Услуги', '', 'Услуги', '<p><span style=\"color: #000000; font-family: \'Open Sans\'; font-size: medium;\">&laquo;OPREMA ALMATY&raquo; в настоящее время является одной из ведущих компаний в продаже оборудования для розлива пива, а также сырья и&nbsp;реактивов: солод, дрожжи, хмель, концентраты и т.д. для производства пива, кваса и безалкогольных&nbsp;напитков от&nbsp;ведущих мировых производителей на&nbsp;рынках Казахстана, Узбекистана, Киргизии. Также предоставляет весь спектр услуг по доставке, монтажу,&nbsp; установке и каллибровки пиворазливочного оборудования, имеется аренда и&nbsp; сервис по ремонту и диагностике оборудования.</span></p>', 'uslugi', 2, 1, NULL, 2, '2019-01-23 19:01:58', '2019-01-23 13:01:58', NULL),
(8, 'Партнеры', 'Партнеры', '', 'Партнеры', '<ul style=\"list-style: none; padding: 0px; color: #000000; font-family: \'Open Sans\'; font-size: medium; background-color: #218ca7;\">\r\n<li style=\"min-height: 10px; margin-right: 30px;\"><a style=\"color: #ffffff; text-decoration-line: none; font-size: 18px; line-height: 18px;\" href=\"http://oprema.a-lux.kz/\">Партнеры</a></li>\r\n</ul>', 'partners', 1, 1, NULL, 4, '2018-12-05 22:58:41', '2018-12-05 22:58:41', NULL),
(9, 'Статьи', 'Статьи', '', 'Статьи', '<ul style=\"list-style: none; padding: 0px; color: #000000; font-family: \'Open Sans\'; font-size: medium; background-color: #218ca7;\">\r\n<li style=\"min-height: 10px; margin-right: 30px;\"><a style=\"color: #ffffff; text-decoration-line: none; font-size: 18px; line-height: 18px;\" href=\"http://oprema.a-lux.kz/\">Статьи</a></li>\r\n</ul>', 'articles', 1, 0, NULL, 5, '2018-12-05 22:59:35', '2018-12-05 22:59:35', NULL),
(10, 'OPREMA ALMATY', '«OPREMA Almaty»  с 2004 года является ведущей компанией по продаже оборудования для розлива пива, охладителей, пивных башен, устройств беспенного розлива (PEGAS), пищевых шлангов, пивных кранов, всех типов кег и их составляющих, оборудования и средств для промывки и дезинфекции, баллонов с углекислотой, минипивоварен, пивной посуды, а так же сырья и реактивов для производства пива, кваса и безалкогольных напитков на территории Республики Казахстан, Узбекистан и Киргизии с центральным офисом в г. Алматы.', 'Главная', 'Главная', '<p>Главная</p>', '/', 0, 0, NULL, 1, '2019-02-04 03:46:05', '2019-02-03 21:46:05', 'menu-sites\\December2018\\KhaMEagWWEOBjMXboFz3.jpg');

-- --------------------------------------------------------

--
-- Table structure for table `migrations`
--

CREATE TABLE `migrations` (
  `id` int(10) UNSIGNED NOT NULL,
  `migration` varchar(255) COLLATE utf8mb4_unicode_ci NOT NULL,
  `batch` int(11) NOT NULL
) ENGINE=InnoDB DEFAULT CHARSET=utf8mb4 COLLATE=utf8mb4_unicode_ci;

--
-- Dumping data for table `migrations`
--

INSERT INTO `migrations` (`id`, `migration`, `batch`) VALUES
(1, '2014_10_12_000000_create_users_table', 1),
(2, '2014_10_12_100000_create_password_resets_table', 1),
(3, '2016_01_01_000000_add_voyager_user_fields', 1),
(4, '2016_01_01_000000_create_data_types_table', 1),
(5, '2016_05_19_173453_create_menu_table', 1),
(6, '2016_10_21_190000_create_roles_table', 1),
(7, '2016_10_21_190000_create_settings_table', 1),
(8, '2016_11_30_135954_create_permission_table', 1),
(9, '2016_11_30_141208_create_permission_role_table', 1),
(10, '2016_12_26_201236_data_types__add__server_side', 1),
(11, '2017_01_13_000000_add_route_to_menu_items_table', 1),
(12, '2017_01_14_005015_create_translations_table', 1),
(13, '2017_01_15_000000_make_table_name_nullable_in_permissions_table', 1),
(14, '2017_03_06_000000_add_controller_to_data_types_table', 1),
(15, '2017_04_21_000000_add_order_to_data_rows_table', 1),
(16, '2017_07_05_210000_add_policyname_to_data_types_table', 1),
(17, '2017_08_05_000000_add_group_to_settings_table', 1),
(18, '2017_11_26_013050_add_user_role_relationship', 1),
(19, '2017_11_26_015000_create_user_roles_table', 1),
(20, '2018_03_11_000000_add_user_settings', 1),
(21, '2018_03_14_000000_add_details_to_data_types_table', 1),
(22, '2018_03_16_000000_make_settings_value_nullable', 1);

-- --------------------------------------------------------

--
-- Table structure for table `news`
--

CREATE TABLE `news` (
  `id` int(11) NOT NULL,
  `title` varchar(255) NOT NULL,
  `description` text NOT NULL,
  `keywords` text,
  `name` varchar(255) NOT NULL,
  `text` text NOT NULL,
  `short_description` text NOT NULL,
  `url` varchar(255) NOT NULL,
  `status` int(11) NOT NULL,
  `sort` int(11) DEFAULT NULL,
  `created_at` timestamp NOT NULL DEFAULT CURRENT_TIMESTAMP,
  `updated_at` timestamp NOT NULL DEFAULT CURRENT_TIMESTAMP ON UPDATE CURRENT_TIMESTAMP,
  `img` varchar(255) DEFAULT NULL
) ENGINE=InnoDB DEFAULT CHARSET=utf8;

--
-- Dumping data for table `news`
--

INSERT INTO `news` (`id`, `title`, `description`, `keywords`, `name`, `text`, `short_description`, `url`, `status`, `sort`, `created_at`, `updated_at`, `img`) VALUES
(2, 'Новость 2', 'Новость 2', '', 'Новость 2', '<p>Новость 2 Новость 2 Новость 2 Новость 2 Новость 2 Новость 2 Новость 2 Новость 2 Новость 2 Новость 2 Новость 2 Новость 2 Новость 2 Новость 2 Новость 2 Новость 2 Новость 2 Новость 2 Новость 2 Новость 2 Новость 2 Новость 2 Новость 2 Новость 2 Новость 2 Новость 2 Новость 2 Новость 2 Новость 2 Новость 2 Новость 2 Новость 2 Новость 2 Новость 2 Новость 2 Новость 2 Новость 2 Новость 2 Новость 2 Новость 2 Новость 2 Новость 2 Новость 2 Новость 2 Новость 2 Новость 2 Новость 2 Новость 2 Новость 2 Новость 2 Новость 2 Новость 2 Новость 2 Новость 2 Новость 2 Новость 2 Новость 2 Новость 2 Новость 2 Новость 2 Новость 2 Новость 2 Новость 2 Новость 2 Новость 2 Новость 2 Новость 2 Новость 2 Новость 2 Новость 2 Новость 2 Новость 2 Новость 2 Новость 2 Новость 2 Новость 2 Новость 2 Новость 2 Новость 2 Новость 2 Новость 2 Новость 2 Новость 2 Новость 2 Новость 2 Новость 2 Новость 2 Новость 2 Новость 2 Новость 2 Новость 2 Новость 2 Новость 2 Новость 2 Новость 2&nbsp;</p>', '', 'news2', 1, NULL, '2018-12-20 22:25:49', '2018-12-20 22:40:33', 'news\\December2018\\Z60mlfJxfZgRAlSc24p5.jpg'),
(4, 'Новость 4', 'Новость 4', '', 'Новость 4', '<p>Новость 4 Новость 4 Новость 4 Новость 4 Новость 4 Новость 4 Новость 4 Новость 4 Новость 4 Новость 4 Новость 4 Новость 4 Новость 4 Новость 4 Новость 4 Новость 4 Новость 4 Новость 4 Новость 4 Новость 4 Новость 4 Новость 4 Новость 4 Новость 4 Новость 4 Новость 4 Новость 4 Новость 4 Новость 4 Новость 4 Новость 4 Новость 4 Новость 4 Новость 4 Новость 4 Новость 4 Новость 4 Новость 4 Новость 4 Новость 4 Новость 4 Новость 4 Новость 4 Новость 4 Новость 4 Новость 4 Новость 4&nbsp;</p>', '', 'news4', 1, NULL, '2018-12-21 11:39:23', '2018-12-21 05:39:23', 'news/December2018/MwiWqStugzCZ1sa172va.jpg'),
(7, 'asf', 'asf', 'asfa', 'фыафыа', '<p>asf</p>', '', 'fyafya', 1, NULL, '2019-06-12 10:00:37', '2019-06-12 04:00:37', 'news/December2018/OhDbxOZ2q9BUhKDYwnyb.jpg'),
(8, '“Народ устал от длинных речей”', 'Так вчера заявил на пресс-конференции в Акорде новоизбранный президент Касым-Жомарт ТОКАЕВ', 'выборы', '“Народ устал от длинных речей”', '<p style=\"box-sizing: border-box; margin-top: 0px; margin-bottom: 25px; color: #212529; font-family: \'PT Serif\', Tahoma, serif; font-size: 19px;\"><span style=\"box-sizing: border-box; font-weight: bolder;\">Глава государства рассказал журналистам о том, что почувствовал, когда узнал об итогах голосования, высказал свое мнение по поводу прошедших 9 июня несанкционированных митингах в Нур-Султане и Алматы, а также поведал, как собирается решать назревшие социальные проблемы.&ldquo;Народ устал от длинных речей&rdquo;, - сказал Касым-Жомарт Токаев, отвечая на один из вопросов журналистов. Этот посыл, можно сказать, предопределил формат встречи: президент открыл пресс-конференцию парой фраз и тотчас перешел к вопросам, ответы на которые он давал максимально емко и лаконично.</span></p>\r\n<p style=\"box-sizing: border-box; margin-top: 0px; margin-bottom: 25px; color: #212529; font-family: \'PT Serif\', Tahoma, serif; font-size: 19px;\">- Прежде всего хочу поблагодарить казахстанских граждан, которые проголосовали за меня. Это очень большая ответственность, это мандат доверия, который я должен оправдать в ближайшие пять лет. Выборы прошли на высоком уровне. В них участвовали семь кандидатов, которым были созданы равные условия. С моей стороны, как президента Казахстана, были приняты все возможные меры, чтобы данные выборы прошли справедливо, открыто, честно. Сами выборы показали, что граждане Казахстана относятся к своим гражданским обязанностям неравнодушно. Была очень большая явка, - сказал в начале пресс-конференции президент.</p>\r\n<p style=\"box-sizing: border-box; margin-top: 0px; margin-bottom: 25px; color: #212529; font-family: \'PT Serif\', Tahoma, serif; font-size: 19px;\">Корреспондент &ldquo;Времени&rdquo; попросила Касым-Жомарта Кемелевича дать оценку действиям граждан, вышедшим на митинги в день выборов.</p>\r\n<p style=\"box-sizing: border-box; margin-top: 0px; margin-bottom: 25px; color: #212529; font-family: \'PT Serif\', Tahoma, serif; font-size: 19px;\">- Действительно, в Алматы и столице ряд граждан вышли на улицы, чтобы выразить свою точку зрения, протест. С точки зрения законодательства Казахстана, несмотря на предупреждение Генеральной прокуратуры, данные действия могут квалифицироваться как незаконные. Что касается свободы волеизъявления, то в Казахстане подобного рода свобода присутствует в полном объеме, - ответил Токаев.</p>\r\n<p style=\"box-sizing: border-box; margin-top: 0px; margin-bottom: 25px; color: #212529; font-family: \'PT Serif\', Tahoma, serif; font-size: 19px;\">Некоторые граждане, заметил он, вели себя недостойно, провоцировали сотрудников полиции:</p>\r\n<p style=\"box-sizing: border-box; margin-top: 0px; margin-bottom: 25px; color: #212529; font-family: \'PT Serif\', Tahoma, serif; font-size: 19px;\">- К сожалению, эти граждане пользовались информацией извне, подталкивались к незаконным действиям, ставили под угрозу спокойствие и безопасность других граждан, в связи с чем они обращались в полицию с просьбой обеспечить их спокойствие. Я, пользуясь возможностью, хотел бы выразить благодарность сотрудникам полиции, которые профессионально и достойно несли свою службу.</p>\r\n<p style=\"box-sizing: border-box; margin-top: 0px; margin-bottom: 25px; color: #212529; font-family: \'PT Serif\', Tahoma, serif; font-size: 19px;\">По словам президента, трое полицейских пострадали во время митинга в Нур-Султане и были гос&shy;питализированы. Он отметил, что накануне выборов поручил правоохранительным органам проявлять максимальную сдержанность.</p>\r\n<p style=\"box-sizing: border-box; margin-top: 0px; margin-bottom: 25px; color: #212529; font-family: \'PT Serif\', Tahoma, serif; font-size: 19px;\">- Что они и сделали во время демонстраций, - сказал президент. - И в будущем они будут вести себя именно таким образом. Что касается протестов, которые высказывались со стороны граждан, то в принципиальном плане считаю необходимым предложить форму диалога. Я уже говорил о том, что будет создан комитет общественного доверия, в который войдут представители различных кругов нашего общества и где мы сможем обмениваться мнениями. Моя принципиальная позиция состоит в том, что разные мнения могут существовать, но у нас единая нация. Разные мнения - единая нация.</p>\r\n<p style=\"box-sizing: border-box; margin-top: 0px; margin-bottom: 25px; color: #212529; font-family: \'PT Serif\', Tahoma, serif; font-size: 19px;\">Президент также дал оценку действиям протестантов, призывавших к бойкоту выборов:</p>\r\n<p style=\"box-sizing: border-box; margin-top: 0px; margin-bottom: 25px; color: #212529; font-family: \'PT Serif\', Tahoma, serif; font-size: 19px;\">- Не люблю бойкоты. Нигде вообще. Будь то в выборах или в других сферах. Бойкот провалился, его не было, так как явка была высока. Никто не заставлял, наши граждане шли на участки. Явка была высока, поэтому я позитивно оцениваю результаты выборов.</p>\r\n<p style=\"box-sizing: border-box; margin-top: 0px; margin-bottom: 25px; color: #212529; font-family: \'PT Serif\', Tahoma, serif; font-size: 19px;\">По просьбе медийщиков глава государства рассказал, какие эмоции он испытал, когда Нурсултан НАЗАРБАЕВ передал ему свои полномочия и когда узнал, что победил на внеочередных выборах:</p>\r\n<p style=\"box-sizing: border-box; margin-top: 0px; margin-bottom: 25px; color: #212529; font-family: \'PT Serif\', Tahoma, serif; font-size: 19px;\">- Я эти чувства уже оставил позади, поскольку этот вопрос (о передачи власти. - Л. Т.) обсуждался на протяжении трех лет. Может быть, только облегчение. Что касается моих чувств после объявления результатов голосования. Удивительно, но я не испытывал каких-либо чувств. Какое-то странное ледяное спокойствие. Не знаю, почему. Возможно, потому, что я уже думаю о том, чем заниматься дальше, а график очень напряженный. Как говорится, здесь не до смеха и не до радости.</p>\r\n<p style=\"box-sizing: border-box; margin-top: 0px; margin-bottom: 25px; color: #212529; font-family: \'PT Serif\', Tahoma, serif; font-size: 19px;\">- Можно ли считать состоявшиеся выборы окончанием транзита власти? - спросил российский журналист.</p>\r\n<p style=\"box-sizing: border-box; margin-top: 0px; margin-bottom: 25px; color: #212529; font-family: \'PT Serif\', Tahoma, serif; font-size: 19px;\">- Я против слова &ldquo;транзит&rdquo;, поэтому, когда я давал интервью российским СМИ, я немножко потроллил - &ldquo;транзит по-казахски&rdquo;. Что такое транзит? Это значит, что я транзитный пассажир, что ли? Или попутчик? Нет, я считаю себя полнокровным президентом Республики Казахстан! Я не попутчик, не собираюсь менять ни поезд, ни самолет, ни пересаживаться на какое-то другое движущееся средство. Поэтому давайте покончим с этим словом. Выборы состоялись, президент избран! - решительно отрубил Токаев.</p>\r\n<p style=\"box-sizing: border-box; margin-top: 0px; margin-bottom: 25px; color: #212529; font-family: \'PT Serif\', Tahoma, serif; font-size: 19px;\">Рассказал глава государства и о том, как будет сочетать в своей работе методы кнута и пряника:</p>\r\n<p style=\"box-sizing: border-box; margin-top: 0px; margin-bottom: 25px; color: #212529; font-family: \'PT Serif\', Tahoma, serif; font-size: 19px;\">- Я настроен на конструктивный диалог. Этот диалог будет сочетаться с жесткими мерами в отношении тех, кто не справляется с работой или саботирует работу в силу разных причин. Поэтому поживем - увидим.</p>\r\n<p style=\"box-sizing: border-box; margin-top: 0px; margin-bottom: 25px; color: #212529; font-family: \'PT Serif\', Tahoma, serif; font-size: 19px;\">Президент подчеркнул, что правительство не должно уходить в отставку после выборов, но в нем могут произойти&nbsp;точечные кадровые назначения:</p>\r\n<p style=\"box-sizing: border-box; margin-top: 0px; margin-bottom: 25px; color: #212529; font-family: \'PT Serif\', Tahoma, serif; font-size: 19px;\">- В состав правительства будут привлекаться новые лица, в том числе молодежь. Я обещал подготовить президентский кадровый список, в который войдут 300 человек из всех регионов. Мы этот список будем обновлять. Когда я говорил, что будущее Казахстана принадлежит молодежи, я не кривил душой. Так и есть.</p>\r\n<p style=\"box-sizing: border-box; margin-top: 0px; margin-bottom: 25px; color: #212529; font-family: \'PT Serif\', Tahoma, serif; font-size: 19px;\">Отвечая на вопрос о том, будут ли назначены внеочередные парламентские выборы, Касым-Жомарт Токаев заявил, что этот вопрос очень ранний и он еще не знает ответа на него.</p>\r\n<p style=\"box-sizing: border-box; margin-top: 0px; margin-bottom: 25px; color: #212529; font-family: \'PT Serif\', Tahoma, serif; font-size: 19px;\">Он вновь высказался и о такой проблеме, как коррупция:</p>\r\n<p style=\"box-sizing: border-box; margin-top: 0px; margin-bottom: 25px; color: #212529; font-family: \'PT Serif\', Tahoma, serif; font-size: 19px;\">- Это большое зло, которое приходит очень легко, но искоренить его очень сложно. С этим общественным злом мы, как общество, должны вместе бороться. Может быть очень поздно, если мы не будем бороться сейчас. История знает немало примеров, когда крупные империи пали именно из-за коррупции. У нас коррупция является большой проблемой, для нашей безопасности это тоже большой риск.</p>\r\n<p style=\"box-sizing: border-box; margin-top: 0px; margin-bottom: 25px; color: #212529; font-family: \'PT Serif\', Tahoma, serif; font-size: 19px;\">Токаев также обозначил акценты, которые он будет делать в своей работе:</p>\r\n<p style=\"box-sizing: border-box; margin-top: 0px; margin-bottom: 25px; color: #212529; font-family: \'PT Serif\', Tahoma, serif; font-size: 19px;\">- Это качество медицины, низкая заработная плата, вопросы экологии, обеспечения населения чистой питьевой водой. Я буду давать конкретные поручения. В настоящее время нет необходимости для больших слов, больших докладов. Нужно переходить к конкретным делам, решениям. Народ ждет от нас таких решений. Народ устал от длинных речей. И потому в качестве президента я займусь этой работой в обязательном порядке.</p>\r\n<p style=\"box-sizing: border-box; margin-top: 0px; margin-bottom: 25px; color: #212529; font-family: \'PT Serif\', Tahoma, serif; font-size: 19px;\">Касым-Жомарт Токаев ответил и на вопрос представителей СМИ о блокировке социальных сетей:</p>\r\n<p style=\"box-sizing: border-box; margin-top: 0px; margin-bottom: 25px; color: #212529; font-family: \'PT Serif\', Tahoma, serif; font-size: 19px;\">- Я сам активный пользователь социальных сетей. Лично веду свою страничку в Twitter. Откровенно говоря, я был не в курсе, что социальные сети в Казахстане блокируются. Но, конечно же, правоохранительным органам будет дано соответствующее поручение. Но при том понимании, что социальные сети все же не должны использоваться в деструктивных целях, сеять раздор среди народа и тем более провоцировать людей на столкновения друг с другом.</p>\r\n<p style=\"box-sizing: border-box; margin-top: 0px; margin-bottom: 25px; color: #212529; font-family: \'PT Serif\', Tahoma, serif; font-size: 19px;\">Медийщики попросили главу государства высказать свое мнение по поводу свободы слова в Казахстане, при этом заметив, что наша страна находится в соответствующем рейтинге не на лучших позициях.</p>\r\n<p style=\"box-sizing: border-box; margin-top: 0px; margin-bottom: 25px; color: #212529; font-family: \'PT Serif\', Tahoma, serif; font-size: 19px;\">- Будем думать. Будем ее (свободу слова. - Л. Т.) укреплять всячески, - был краток Токаев.</p>\r\n<p style=\"box-sizing: border-box; margin-top: 0px; margin-bottom: 25px; color: #212529; font-family: \'PT Serif\', Tahoma, serif; font-size: 19px;\">Он добавил, что не исключает принятия закона о статусе журналиста, и пообещал быть открытым с прессой.</p>\r\n<p style=\"box-sizing: border-box; margin-top: 0px; margin-bottom: 25px; color: #212529; font-family: \'PT Serif\', Tahoma, serif; font-size: 19px;\">- Нам надо встречаться. Считаю, что подобного рода встречи очень полезны, в том числе и для меня. Каких-либо ограничений в плане постановки вопросов не будет. Но если будет, это все - пресс-секретарь&hellip; - пошутил Токаев.</p>\r\n<p style=\"box-sizing: border-box; margin-top: 0px; margin-bottom: 25px; color: #212529; font-family: \'PT Serif\', Tahoma, serif; font-size: 19px;\">К слову, президент, что называется, на деле доказал, что держит слово. Когда его пресс-секретарь Берик КУРМАНГАЛИ собрался было сворачивать мероприятие, мотивировав это тем, что &ldquo;президент уже 50 минут отвечает на вопросы&rdquo;, Касым-Жомарт Токаев остановил его, дав понять, что готов и дальше общаться с журналистами.</p>\r\n<p style=\"box-sizing: border-box; margin-top: 0px; margin-bottom: 25px; color: #212529; font-family: \'PT Serif\', Tahoma, serif; font-size: 19px;\">- Ты прямо как в том анекдоте, где хозяин угощает гостей и подсчитывает, сколько они мантов съели, - пошутил президент, чем вызвал одобрительный смех и умиление журналистской братии.</p>\r\n<p style=\"box-sizing: border-box; margin-top: 0px; margin-bottom: 25px; color: #212529; font-family: \'PT Serif\', Tahoma, serif; font-size: 19px;\">Отвечая на вопрос о строительстве атомной электростанции, Токаев сообщил, что этот вопрос не рассматривается.</p>\r\n<p style=\"box-sizing: border-box; margin-top: 0px; margin-bottom: 25px; color: #212529; font-family: \'PT Serif\', Tahoma, serif; font-size: 19px;\">- Если понадобится, то обязательно будем этот вопрос обсуж&shy;дать с народом, проведем референдум. Сейчас в мире мы видим, что вопрос энергоресурсов очень важен. Но не так важен по сравнению с транспортными связями и созданием хабов. На следующий год Казахстан планирует получить пять миллиардов доходов от участия или членства в Шелковом пути, - сказал президент.</p>\r\n<p style=\"box-sizing: border-box; margin-top: 0px; margin-bottom: 25px; color: #212529; font-family: \'PT Serif\', Tahoma, serif; font-size: 19px;\">Глава государства рассказал также о направлениях, которых будет придерживаться во внешней политике:</p>\r\n<p style=\"box-sizing: border-box; margin-top: 0px; margin-bottom: 25px; color: #212529; font-family: \'PT Serif\', Tahoma, serif; font-size: 19px;\">- Я буду уделять большое внимание развитию отношений с нашими соседями - Российской Федерацией, Китайской Народной Респуб&shy;ликой и странами Центральной Азии. Я реальный человек, пришел в политику не с улицы, не с чердака. Я работал премьер-министром в самый сложный экономический период. Я хорошо представляю кухню, будь то внутренняя или внешняя политика.</p>\r\n<p style=\"box-sizing: border-box; margin-top: 0px; margin-bottom: 25px; color: #212529; font-family: \'PT Serif\', Tahoma, serif; font-size: 19px;\">У Казахстана, по словам Токаева, большая программа двусторонних отношений с Россией:</p>\r\n<p style=\"box-sizing: border-box; margin-top: 0px; margin-bottom: 25px; color: #212529; font-family: \'PT Serif\', Tahoma, serif; font-size: 19px;\">- Во время визита в Москву договорились с Владимиром ПУТИНЫМ, что будем продолжать работать над казахстанско-российскими отношениями. Работа в ЕАЭС и работа над развитием интеграции будет продолжаться. Интеграция - очень сложное явление. Надо подходить крайне ответственно, чтобы найти компромисс. Интеграция требует серьезной подготовки со стороны тех, кто в нее вовлечен.</p>\r\n<p style=\"box-sizing: border-box; margin-top: 0px; margin-bottom: 25px; color: #212529; font-family: \'PT Serif\', Tahoma, serif; font-size: 19px;\">Журналисты попросили Касым-Жомарта Токаева выразить свое отношение к довольно критическому докладу миссии наблюдателей Организации по безопасности и сотрудничеству в Европе (ОБСЕ) о прошедшей выборной кампании.</p>\r\n<p style=\"box-sizing: border-box; margin-top: 0px; margin-bottom: 25px; color: #212529; font-family: \'PT Serif\', Tahoma, serif; font-size: 19px;\">- Мы не должны фиксироваться именно на оценках этой организации. Здесь присутствовали и другие международные организации - почему мы должны игнорировать их оценки? Поэтому данный вопрос должен рассматриваться комплексно. Я был вице-президентом Парламентской ассамблеи ОБСЕ и знаю всю эту кухню: и как они составляют эти доклады, насколько политически предвзяты бывают в зависимости от страны, где работают. Поэтому я отношусь к докладу ОБСЕ абсолютно спокойно. Мы будем продолжать сотрудничество с этой организацией, - заключил Токаев.</p>\r\n<p style=\"box-sizing: border-box; margin-top: 0px; margin-bottom: 25px; color: #212529; font-family: \'PT Serif\', Tahoma, serif; font-size: 19px;\">Он также сообщил, что его инаугурация запланирована на 12 июня.</p>\r\n<p style=\"box-sizing: border-box; margin-top: 0px; margin-bottom: 25px; color: #212529; font-family: \'PT Serif\', Tahoma, serif; font-size: 19px;\">Лэйла ТАСТАНОВА, фото с сайта akorda.kz, Нур-Султан</p>', '<p>Глава государства рассказал журналистам о том, что почувствовал, когда узнал об итогах голосования, высказал свое мнение по поводу прошедших 9 июня несанкционированных митингах в Нур-Султане и Алматы, а также поведал, как собирается решать назревшие социальные проблемы</p>', '“narod-ustal-ot-dlinnyh-rechey”', 1, NULL, '2019-06-12 10:28:00', '2019-06-12 04:28:00', 'news/June2019/vImaODVjgc61BVv08bn0.jpg');

-- --------------------------------------------------------

--
-- Table structure for table `orderings`
--

CREATE TABLE `orderings` (
  `id` int(11) NOT NULL,
  `user_id` int(11) DEFAULT NULL,
  `phone` varchar(30) NOT NULL,
  `fio` varchar(255) NOT NULL,
  `adres` varchar(255) NOT NULL,
  `email` varchar(255) NOT NULL,
  `delivery_method` varchar(30) DEFAULT NULL,
  `payment_method` varchar(30) DEFAULT NULL,
  `order_date` int(11) DEFAULT NULL,
  `date_of_receiving` int(11) DEFAULT NULL,
  `status` int(11) DEFAULT NULL,
  `created_at` timestamp NOT NULL DEFAULT CURRENT_TIMESTAMP ON UPDATE CURRENT_TIMESTAMP,
  `updated_at` timestamp NOT NULL DEFAULT '0000-00-00 00:00:00'
) ENGINE=InnoDB DEFAULT CHARSET=utf8;

--
-- Dumping data for table `orderings`
--

INSERT INTO `orderings` (`id`, `user_id`, `phone`, `fio`, `adres`, `email`, `delivery_method`, `payment_method`, `order_date`, `date_of_receiving`, `status`, `created_at`, `updated_at`) VALUES
(7, 5, '22', 'rr', '33', 'gg@hh.tt', NULL, NULL, NULL, NULL, NULL, '2018-12-19 04:27:33', '2018-12-19 04:27:33'),
(8, NULL, 'asf', 'asf', 'asf', 'asaf@gg.tt', NULL, NULL, NULL, NULL, NULL, '2018-12-19 05:09:07', '2018-12-19 05:09:07'),
(9, NULL, 'sdg', 'sdg', 'sdg', 'admin@admin.ru', NULL, NULL, NULL, NULL, NULL, '2018-12-19 05:10:01', '2018-12-19 05:10:01'),
(10, 5, '22', 'rr', '33', 'gsd@gg.tt', NULL, NULL, NULL, NULL, NULL, '2018-12-19 05:40:43', '2018-12-19 05:40:43'),
(11, 1, '2', '77', '4', 'g@hh.rr', NULL, NULL, NULL, NULL, NULL, '2018-12-20 05:20:11', '2018-12-20 05:20:11'),
(12, 1, '2', '77', '4', 'g@hh.rr', NULL, NULL, NULL, NULL, NULL, '2018-12-20 05:22:16', '2018-12-20 05:22:16'),
(13, 1, '2', '77', '4', 'g@hh.rr', NULL, NULL, NULL, NULL, NULL, '2018-12-20 05:51:30', '2018-12-20 05:51:30'),
(14, 1, '2', '77', '4', 'g@hh.rr', NULL, NULL, NULL, NULL, NULL, '2018-12-21 05:22:03', '2018-12-21 05:22:03'),
(15, NULL, 'Polinaыпвып', 'пвпывп', 'ывп', 'manager@a-lux.kz', NULL, NULL, NULL, NULL, NULL, '2018-12-24 21:37:52', '2018-12-24 21:37:52'),
(16, NULL, 'Polinaыпвып', 'пвпывп', 'ывп', 'manager@a-lux.kz', NULL, NULL, NULL, NULL, NULL, '2018-12-24 21:37:52', '2018-12-24 21:37:52'),
(17, 1, '7076365966', '77', 'ул Байзакова', 'manager@a-lux.kz', NULL, NULL, NULL, NULL, NULL, '2018-12-24 21:58:49', '2018-12-24 21:58:49'),
(18, 1, '2', '77', '333', 'g@hh.rr', NULL, NULL, NULL, NULL, NULL, '2019-01-14 23:47:22', '2019-01-14 23:47:22'),
(19, 12, '87758014058', 'Даурен', 'Клочкова 21 кв 1', 'dauren.maykenov@mail.ru', NULL, NULL, NULL, NULL, NULL, '2019-06-10 00:05:47', '2019-06-10 00:05:47');

-- --------------------------------------------------------

--
-- Table structure for table `orders`
--

CREATE TABLE `orders` (
  `id` int(11) NOT NULL,
  `item_id` int(11) NOT NULL,
  `price` int(11) NOT NULL,
  `quantity` int(11) NOT NULL,
  `user_id` int(11) DEFAULT NULL,
  `ordering` int(11) DEFAULT '0',
  `status` int(11) DEFAULT '0',
  `created_at` timestamp NOT NULL DEFAULT CURRENT_TIMESTAMP ON UPDATE CURRENT_TIMESTAMP,
  `updated_at` timestamp NOT NULL DEFAULT '0000-00-00 00:00:00'
) ENGINE=InnoDB DEFAULT CHARSET=utf8;

--
-- Dumping data for table `orders`
--

INSERT INTO `orders` (`id`, `item_id`, `price`, `quantity`, `user_id`, `ordering`, `status`, `created_at`, `updated_at`) VALUES
(3, 1, 5001, 3, 5, 7, 0, '2018-12-19 04:27:33', '2018-12-19 04:27:33'),
(4, 2, 6666, 2, 5, 7, 0, '2018-12-19 04:27:33', '2018-12-19 04:27:33'),
(5, 1, 5001, 3, NULL, 8, 0, '2018-12-19 05:09:07', '2018-12-19 05:09:07'),
(6, 2, 6666, 3, NULL, 8, 0, '2018-12-19 05:09:07', '2018-12-19 05:09:07'),
(7, 1, 5001, 1, NULL, 9, 0, '2018-12-19 05:10:01', '2018-12-19 05:10:01'),
(8, 2, 6666, 2, NULL, 9, 0, '2018-12-19 05:10:01', '2018-12-19 05:10:01'),
(9, 1, 5001, 3, 5, 10, 0, '2018-12-19 05:40:43', '2018-12-19 05:40:43'),
(10, 2, 6666, 2, 1, 11, 0, '2018-12-20 05:20:11', '2018-12-20 05:20:11'),
(11, 1, 5001, 1, 1, 12, 0, '2018-12-20 05:22:16', '2018-12-20 05:22:16'),
(12, 2, 6666, 3, 1, 13, 0, '2018-12-20 05:51:30', '2018-12-20 05:51:30'),
(13, 1, 5001, 4, 1, 14, 0, '2018-12-21 05:22:03', '2018-12-21 05:22:03'),
(14, 1, 5001, 3, NULL, 15, 0, '2018-12-24 21:37:52', '2018-12-24 21:37:52'),
(15, 1, 5001, 1, 1, 17, 0, '2018-12-24 21:58:49', '2018-12-24 21:58:49'),
(16, 2, 6666, 1, 1, 18, 0, '2019-01-14 23:47:22', '2019-01-14 23:47:22'),
(17, 1, 5001, 1, 12, 19, 0, '2019-06-10 00:05:47', '2019-06-10 00:05:47');

-- --------------------------------------------------------

--
-- Table structure for table `partners`
--

CREATE TABLE `partners` (
  `id` int(11) NOT NULL,
  `name` varchar(255) NOT NULL,
  `text` varchar(255) DEFAULT NULL,
  `img` varchar(255) NOT NULL,
  `url` varchar(255) DEFAULT NULL,
  `created_at` timestamp NOT NULL DEFAULT CURRENT_TIMESTAMP ON UPDATE CURRENT_TIMESTAMP,
  `updated_at` timestamp NOT NULL DEFAULT '0000-00-00 00:00:00'
) ENGINE=InnoDB DEFAULT CHARSET=utf8;

--
-- Dumping data for table `partners`
--

INSERT INTO `partners` (`id`, `name`, `text`, `img`, `url`, `created_at`, `updated_at`) VALUES
(1, 'Партнер 1', 'Партнер 1', 'partners/January2019/bSG4lhwIKikSclKRwQLe.png', 'Партнер 1', '2019-01-15 04:16:20', '2019-01-14 22:16:20'),
(2, 'Партнер 2', NULL, 'partners/January2019/D64IIubmeB3RSsMnyefy.png', NULL, '2019-01-15 04:16:29', '2019-01-14 22:16:29'),
(3, 'Партнер 3', NULL, 'partners/January2019/Dk7NIGanSOCaYAev0AIS.png', NULL, '2019-01-15 04:16:38', '2019-01-14 22:16:38'),
(4, 'Партнер 4', NULL, 'partners/January2019/HUHfMtVSNWkf1l397J96.png', NULL, '2019-01-14 22:16:52', '2019-01-14 22:16:52'),
(5, 'Партнер 5', NULL, 'partners/January2019/DOeOfVTQpvzmIHIgR3Wl.png', NULL, '2019-01-14 22:17:22', '2019-01-14 22:17:22'),
(6, 'Партнер 6', NULL, 'partners/January2019/mkkNhnpF16UZRFLBnVoq.png', NULL, '2019-01-14 22:17:35', '2019-01-14 22:17:35');

-- --------------------------------------------------------

--
-- Table structure for table `password_resets`
--

CREATE TABLE `password_resets` (
  `email` varchar(255) COLLATE utf8mb4_unicode_ci NOT NULL,
  `token` varchar(255) COLLATE utf8mb4_unicode_ci NOT NULL,
  `created_at` timestamp NULL DEFAULT NULL
) ENGINE=InnoDB DEFAULT CHARSET=utf8mb4 COLLATE=utf8mb4_unicode_ci;

--
-- Dumping data for table `password_resets`
--

INSERT INTO `password_resets` (`email`, `token`, `created_at`) VALUES
('manager@a-lux.kz', '$2y$10$tPMZzta.plX7c8LOOLESt.H1.akx2sjk9QK4v7YrHvExRLHo931pO', '2019-06-04 23:16:32'),
('amantay.or@gmail.com', '$2y$10$kd7jgzxZWSApTl51OSJZJ.5zi.7zbMuEFSTlR7x.MNgNSPxC9L12S', '2019-06-05 00:02:28'),
('dauren.maikenov@mail.ru', '$2y$10$vLWVk6oHl72Z9VcWFcJd2uTiEg40ru0E2N0LOqX6dk8D4yVXDxBq2', '2019-06-12 04:50:10');

-- --------------------------------------------------------

--
-- Table structure for table `permissions`
--

CREATE TABLE `permissions` (
  `id` int(10) UNSIGNED NOT NULL,
  `key` varchar(255) COLLATE utf8mb4_unicode_ci NOT NULL,
  `table_name` varchar(255) COLLATE utf8mb4_unicode_ci DEFAULT NULL,
  `created_at` timestamp NULL DEFAULT NULL,
  `updated_at` timestamp NULL DEFAULT NULL
) ENGINE=InnoDB DEFAULT CHARSET=utf8mb4 COLLATE=utf8mb4_unicode_ci;

--
-- Dumping data for table `permissions`
--

INSERT INTO `permissions` (`id`, `key`, `table_name`, `created_at`, `updated_at`) VALUES
(1, 'browse_admin', NULL, '2018-12-05 05:34:46', '2018-12-05 05:34:46'),
(2, 'browse_bread', NULL, '2018-12-05 05:34:46', '2018-12-05 05:34:46'),
(3, 'browse_database', NULL, '2018-12-05 05:34:46', '2018-12-05 05:34:46'),
(4, 'browse_media', NULL, '2018-12-05 05:34:46', '2018-12-05 05:34:46'),
(5, 'browse_compass', NULL, '2018-12-05 05:34:46', '2018-12-05 05:34:46'),
(6, 'browse_menus', 'menus', '2018-12-05 05:34:46', '2018-12-05 05:34:46'),
(7, 'read_menus', 'menus', '2018-12-05 05:34:46', '2018-12-05 05:34:46'),
(8, 'edit_menus', 'menus', '2018-12-05 05:34:46', '2018-12-05 05:34:46'),
(9, 'add_menus', 'menus', '2018-12-05 05:34:46', '2018-12-05 05:34:46'),
(10, 'delete_menus', 'menus', '2018-12-05 05:34:46', '2018-12-05 05:34:46'),
(11, 'browse_roles', 'roles', '2018-12-05 05:34:46', '2018-12-05 05:34:46'),
(12, 'read_roles', 'roles', '2018-12-05 05:34:46', '2018-12-05 05:34:46'),
(13, 'edit_roles', 'roles', '2018-12-05 05:34:46', '2018-12-05 05:34:46'),
(14, 'add_roles', 'roles', '2018-12-05 05:34:46', '2018-12-05 05:34:46'),
(15, 'delete_roles', 'roles', '2018-12-05 05:34:46', '2018-12-05 05:34:46'),
(16, 'browse_users', 'users', '2018-12-05 05:34:46', '2018-12-05 05:34:46'),
(17, 'read_users', 'users', '2018-12-05 05:34:46', '2018-12-05 05:34:46'),
(18, 'edit_users', 'users', '2018-12-05 05:34:46', '2018-12-05 05:34:46'),
(19, 'add_users', 'users', '2018-12-05 05:34:46', '2018-12-05 05:34:46'),
(20, 'delete_users', 'users', '2018-12-05 05:34:46', '2018-12-05 05:34:46'),
(21, 'browse_settings', 'settings', '2018-12-05 05:34:46', '2018-12-05 05:34:46'),
(22, 'read_settings', 'settings', '2018-12-05 05:34:46', '2018-12-05 05:34:46'),
(23, 'edit_settings', 'settings', '2018-12-05 05:34:46', '2018-12-05 05:34:46'),
(24, 'add_settings', 'settings', '2018-12-05 05:34:46', '2018-12-05 05:34:46'),
(25, 'delete_settings', 'settings', '2018-12-05 05:34:46', '2018-12-05 05:34:46'),
(26, 'browse_hooks', NULL, '2018-12-05 05:34:46', '2018-12-05 05:34:46'),
(27, 'browse_menu', 'menu', '2018-12-05 05:36:12', '2018-12-05 05:36:12'),
(28, 'read_menu', 'menu', '2018-12-05 05:36:12', '2018-12-05 05:36:12'),
(29, 'edit_menu', 'menu', '2018-12-05 05:36:12', '2018-12-05 05:36:12'),
(30, 'add_menu', 'menu', '2018-12-05 05:36:12', '2018-12-05 05:36:12'),
(31, 'delete_menu', 'menu', '2018-12-05 05:36:12', '2018-12-05 05:36:12'),
(32, 'browse_menu_site', 'menu_site', '2018-12-05 05:40:55', '2018-12-05 05:40:55'),
(33, 'read_menu_site', 'menu_site', '2018-12-05 05:40:55', '2018-12-05 05:40:55'),
(34, 'edit_menu_site', 'menu_site', '2018-12-05 05:40:55', '2018-12-05 05:40:55'),
(35, 'add_menu_site', 'menu_site', '2018-12-05 05:40:55', '2018-12-05 05:40:55'),
(36, 'delete_menu_site', 'menu_site', '2018-12-05 05:40:55', '2018-12-05 05:40:55'),
(37, 'browse_menu_sites', 'menu_sites', '2018-12-05 05:42:51', '2018-12-05 05:42:51'),
(38, 'read_menu_sites', 'menu_sites', '2018-12-05 05:42:51', '2018-12-05 05:42:51'),
(39, 'edit_menu_sites', 'menu_sites', '2018-12-05 05:42:51', '2018-12-05 05:42:51'),
(40, 'add_menu_sites', 'menu_sites', '2018-12-05 05:42:51', '2018-12-05 05:42:51'),
(41, 'delete_menu_sites', 'menu_sites', '2018-12-05 05:42:51', '2018-12-05 05:42:51'),
(47, 'browse_preimuzhesva', 'preimuzhesva', '2018-12-06 22:18:45', '2018-12-06 22:18:45'),
(48, 'read_preimuzhesva', 'preimuzhesva', '2018-12-06 22:18:45', '2018-12-06 22:18:45'),
(49, 'edit_preimuzhesva', 'preimuzhesva', '2018-12-06 22:18:45', '2018-12-06 22:18:45'),
(50, 'add_preimuzhesva', 'preimuzhesva', '2018-12-06 22:18:45', '2018-12-06 22:18:45'),
(51, 'delete_preimuzhesva', 'preimuzhesva', '2018-12-06 22:18:45', '2018-12-06 22:18:45'),
(52, 'browse_preimuzhesvas', 'preimuzhesvas', '2018-12-06 22:20:29', '2018-12-06 22:20:29'),
(53, 'read_preimuzhesvas', 'preimuzhesvas', '2018-12-06 22:20:29', '2018-12-06 22:20:29'),
(54, 'edit_preimuzhesvas', 'preimuzhesvas', '2018-12-06 22:20:29', '2018-12-06 22:20:29'),
(55, 'add_preimuzhesvas', 'preimuzhesvas', '2018-12-06 22:20:29', '2018-12-06 22:20:29'),
(56, 'delete_preimuzhesvas', 'preimuzhesvas', '2018-12-06 22:20:29', '2018-12-06 22:20:29'),
(57, 'browse_sliders', 'sliders', '2018-12-06 22:42:36', '2018-12-06 22:42:36'),
(58, 'read_sliders', 'sliders', '2018-12-06 22:42:36', '2018-12-06 22:42:36'),
(59, 'edit_sliders', 'sliders', '2018-12-06 22:42:36', '2018-12-06 22:42:36'),
(60, 'add_sliders', 'sliders', '2018-12-06 22:42:36', '2018-12-06 22:42:36'),
(61, 'delete_sliders', 'sliders', '2018-12-06 22:42:36', '2018-12-06 22:42:36'),
(62, 'browse_videootzivis', 'videootzivis', '2018-12-06 22:51:47', '2018-12-06 22:51:47'),
(63, 'read_videootzivis', 'videootzivis', '2018-12-06 22:51:47', '2018-12-06 22:51:47'),
(64, 'edit_videootzivis', 'videootzivis', '2018-12-06 22:51:47', '2018-12-06 22:51:47'),
(65, 'add_videootzivis', 'videootzivis', '2018-12-06 22:51:47', '2018-12-06 22:51:47'),
(66, 'delete_videootzivis', 'videootzivis', '2018-12-06 22:51:47', '2018-12-06 22:51:47'),
(67, 'browse_sovetys', 'sovetys', '2018-12-06 23:05:30', '2018-12-06 23:05:30'),
(68, 'read_sovetys', 'sovetys', '2018-12-06 23:05:30', '2018-12-06 23:05:30'),
(69, 'edit_sovetys', 'sovetys', '2018-12-06 23:05:30', '2018-12-06 23:05:30'),
(70, 'add_sovetys', 'sovetys', '2018-12-06 23:05:30', '2018-12-06 23:05:30'),
(71, 'delete_sovetys', 'sovetys', '2018-12-06 23:05:30', '2018-12-06 23:05:30'),
(72, 'browse_soveties', 'soveties', '2018-12-06 23:07:25', '2018-12-06 23:07:25'),
(73, 'read_soveties', 'soveties', '2018-12-06 23:07:25', '2018-12-06 23:07:25'),
(74, 'edit_soveties', 'soveties', '2018-12-06 23:07:25', '2018-12-06 23:07:25'),
(75, 'add_soveties', 'soveties', '2018-12-06 23:07:25', '2018-12-06 23:07:25'),
(76, 'delete_soveties', 'soveties', '2018-12-06 23:07:25', '2018-12-06 23:07:25'),
(77, 'browse_tovaries', 'tovaries', '2018-12-06 23:26:22', '2018-12-06 23:26:22'),
(78, 'read_tovaries', 'tovaries', '2018-12-06 23:26:22', '2018-12-06 23:26:22'),
(79, 'edit_tovaries', 'tovaries', '2018-12-06 23:26:22', '2018-12-06 23:26:22'),
(80, 'add_tovaries', 'tovaries', '2018-12-06 23:26:22', '2018-12-06 23:26:22'),
(81, 'delete_tovaries', 'tovaries', '2018-12-06 23:26:22', '2018-12-06 23:26:22'),
(82, 'browse_category_tovaries', 'category_tovaries', '2018-12-06 23:39:33', '2018-12-06 23:39:33'),
(83, 'read_category_tovaries', 'category_tovaries', '2018-12-06 23:39:33', '2018-12-06 23:39:33'),
(84, 'edit_category_tovaries', 'category_tovaries', '2018-12-06 23:39:33', '2018-12-06 23:39:33'),
(85, 'add_category_tovaries', 'category_tovaries', '2018-12-06 23:39:33', '2018-12-06 23:39:33'),
(86, 'delete_category_tovaries', 'category_tovaries', '2018-12-06 23:39:33', '2018-12-06 23:39:33'),
(87, 'browse_uslugies', 'uslugies', '2018-12-07 01:15:32', '2018-12-07 01:15:32'),
(88, 'read_uslugies', 'uslugies', '2018-12-07 01:15:32', '2018-12-07 01:15:32'),
(89, 'edit_uslugies', 'uslugies', '2018-12-07 01:15:32', '2018-12-07 01:15:32'),
(90, 'add_uslugies', 'uslugies', '2018-12-07 01:15:32', '2018-12-07 01:15:32'),
(91, 'delete_uslugies', 'uslugies', '2018-12-07 01:15:32', '2018-12-07 01:15:32'),
(92, 'browse_dostavka', 'dostavka', '2018-12-07 02:00:54', '2018-12-07 02:00:54'),
(93, 'read_dostavka', 'dostavka', '2018-12-07 02:00:54', '2018-12-07 02:00:54'),
(94, 'edit_dostavka', 'dostavka', '2018-12-07 02:00:54', '2018-12-07 02:00:54'),
(95, 'add_dostavka', 'dostavka', '2018-12-07 02:00:54', '2018-12-07 02:00:54'),
(96, 'delete_dostavka', 'dostavka', '2018-12-07 02:00:54', '2018-12-07 02:00:54'),
(97, 'browse_dostavkas', 'dostavkas', '2018-12-07 02:02:36', '2018-12-07 02:02:36'),
(98, 'read_dostavkas', 'dostavkas', '2018-12-07 02:02:36', '2018-12-07 02:02:36'),
(99, 'edit_dostavkas', 'dostavkas', '2018-12-07 02:02:36', '2018-12-07 02:02:36'),
(100, 'add_dostavkas', 'dostavkas', '2018-12-07 02:02:36', '2018-12-07 02:02:36'),
(101, 'delete_dostavkas', 'dostavkas', '2018-12-07 02:02:36', '2018-12-07 02:02:36'),
(102, 'browse_news', 'news', '2018-12-20 22:22:55', '2018-12-20 22:22:55'),
(103, 'read_news', 'news', '2018-12-20 22:22:55', '2018-12-20 22:22:55'),
(104, 'edit_news', 'news', '2018-12-20 22:22:55', '2018-12-20 22:22:55'),
(105, 'add_news', 'news', '2018-12-20 22:22:55', '2018-12-20 22:22:55'),
(106, 'delete_news', 'news', '2018-12-20 22:22:55', '2018-12-20 22:22:55'),
(107, 'browse_partners', 'partners', '2019-01-08 23:18:27', '2019-01-08 23:18:27'),
(108, 'read_partners', 'partners', '2019-01-08 23:18:27', '2019-01-08 23:18:27'),
(109, 'edit_partners', 'partners', '2019-01-08 23:18:27', '2019-01-08 23:18:27'),
(110, 'add_partners', 'partners', '2019-01-08 23:18:27', '2019-01-08 23:18:27'),
(111, 'delete_partners', 'partners', '2019-01-08 23:18:27', '2019-01-08 23:18:27');

-- --------------------------------------------------------

--
-- Table structure for table `permission_role`
--

CREATE TABLE `permission_role` (
  `permission_id` int(10) UNSIGNED NOT NULL,
  `role_id` int(10) UNSIGNED NOT NULL
) ENGINE=InnoDB DEFAULT CHARSET=utf8mb4 COLLATE=utf8mb4_unicode_ci;

--
-- Dumping data for table `permission_role`
--

INSERT INTO `permission_role` (`permission_id`, `role_id`) VALUES
(1, 1),
(2, 1),
(3, 1),
(4, 1),
(5, 1),
(6, 1),
(7, 1),
(8, 1),
(9, 1),
(10, 1),
(11, 1),
(12, 1),
(13, 1),
(14, 1),
(15, 1),
(16, 1),
(17, 1),
(18, 1),
(19, 1),
(20, 1),
(21, 1),
(22, 1),
(23, 1),
(24, 1),
(25, 1),
(27, 1),
(28, 1),
(29, 1),
(30, 1),
(31, 1),
(32, 1),
(33, 1),
(34, 1),
(35, 1),
(36, 1),
(37, 1),
(38, 1),
(39, 1),
(40, 1),
(41, 1),
(47, 1),
(48, 1),
(49, 1),
(50, 1),
(51, 1),
(52, 1),
(53, 1),
(54, 1),
(55, 1),
(56, 1),
(57, 1),
(58, 1),
(59, 1),
(60, 1),
(61, 1),
(62, 1),
(63, 1),
(64, 1),
(65, 1),
(66, 1),
(67, 1),
(68, 1),
(69, 1),
(70, 1),
(71, 1),
(72, 1),
(73, 1),
(74, 1),
(75, 1),
(76, 1),
(77, 1),
(78, 1),
(79, 1),
(80, 1),
(81, 1),
(82, 1),
(83, 1),
(84, 1),
(85, 1),
(86, 1),
(87, 1),
(88, 1),
(89, 1),
(90, 1),
(91, 1),
(92, 1),
(93, 1),
(94, 1),
(95, 1),
(96, 1),
(97, 1),
(98, 1),
(99, 1),
(100, 1),
(101, 1),
(102, 1),
(103, 1),
(104, 1),
(105, 1),
(106, 1),
(107, 1),
(108, 1),
(109, 1),
(110, 1),
(111, 1);

-- --------------------------------------------------------

--
-- Table structure for table `preimuzhesvas`
--

CREATE TABLE `preimuzhesvas` (
  `id` int(11) NOT NULL,
  `title` text NOT NULL,
  `img` varchar(255) NOT NULL,
  `created_at` timestamp NOT NULL DEFAULT CURRENT_TIMESTAMP ON UPDATE CURRENT_TIMESTAMP,
  `updated_at` timestamp NOT NULL DEFAULT '0000-00-00 00:00:00'
) ENGINE=InnoDB DEFAULT CHARSET=utf8;

--
-- Dumping data for table `preimuzhesvas`
--

INSERT INTO `preimuzhesvas` (`id`, `title`, `img`, `created_at`, `updated_at`) VALUES
(1, '<p>Ассортимент реализуемой продукции составляет более 10 000 наименований</p>', 'preimuzhesvas\\December2018\\aGaBm9ddVajaa6EtVRcx.png', '2018-12-06 22:22:03', '2018-12-06 22:22:03'),
(2, '<p>Наличие собственного сервисного центра</p>', 'preimuzhesvas\\December2018\\jSQXoo5T34q0JMVcolxs.png', '2018-12-06 22:24:04', '2018-12-06 22:24:04'),
(3, '<p>Более 12 лет плодотворного сотрудничества с крупнейшими компаниями</p>', 'preimuzhesvas\\December2018\\pdUZTHx1kFbVH8dPhjIz.png', '2018-12-06 22:24:30', '2018-12-06 22:24:30'),
(4, '<p>Всегда актуальные цены и выгодные предложения</p>', 'preimuzhesvas\\December2018\\TsGaT6MP6ayBzVPnuVfF.png', '2018-12-06 22:24:51', '2018-12-06 22:24:51');

-- --------------------------------------------------------

--
-- Table structure for table `profiles`
--

CREATE TABLE `profiles` (
  `id` int(11) NOT NULL,
  `user_id` int(11) NOT NULL,
  `fio` varchar(255) DEFAULT NULL,
  `phone` varchar(30) DEFAULT NULL,
  `adres` varchar(255) DEFAULT NULL,
  `email` varchar(255) DEFAULT NULL,
  `created_at` timestamp NOT NULL DEFAULT CURRENT_TIMESTAMP ON UPDATE CURRENT_TIMESTAMP,
  `updated_at` timestamp NOT NULL DEFAULT '0000-00-00 00:00:00'
) ENGINE=InnoDB DEFAULT CHARSET=utf8;

--
-- Dumping data for table `profiles`
--

INSERT INTO `profiles` (`id`, `user_id`, `fio`, `phone`, `adres`, `email`, `created_at`, `updated_at`) VALUES
(1, 1, '77', '2', '333', 'g@hh.rr', '2018-12-21 11:22:50', '2018-12-21 05:22:50'),
(2, 4, NULL, NULL, NULL, NULL, '2018-12-19 03:13:38', '2018-12-19 03:13:38'),
(3, 5, 'rr', '22', '33', '44', '2018-12-19 03:14:56', '2018-12-19 03:14:56'),
(4, 6, NULL, NULL, NULL, NULL, '2018-12-23 23:42:27', '2018-12-23 23:42:27'),
(5, 7, NULL, NULL, NULL, NULL, '2018-12-25 02:05:38', '2018-12-25 02:05:38'),
(6, 8, NULL, NULL, NULL, NULL, '2019-01-15 01:11:49', '2019-01-15 01:11:49'),
(7, 9, NULL, NULL, NULL, NULL, '2019-02-13 03:09:03', '2019-02-13 03:09:03'),
(8, 10, NULL, NULL, NULL, NULL, '2019-06-04 22:07:33', '2019-06-04 22:07:33'),
(9, 11, NULL, NULL, NULL, NULL, '2019-06-04 23:07:57', '2019-06-04 23:07:57'),
(10, 12, 'Даурен Ганиевич', '87758014058', 'Клочкова 21', 'dauren.maikenov@mail.ru', '2019-06-10 06:06:19', '2019-06-10 00:06:19'),
(11, 13, NULL, NULL, NULL, NULL, '2019-06-12 00:20:47', '2019-06-12 00:20:47'),
(12, 14, NULL, NULL, NULL, NULL, '2019-06-12 04:49:50', '2019-06-12 04:49:50'),
(13, 15, NULL, NULL, NULL, NULL, '2019-06-27 21:58:13', '2019-06-27 21:58:13');

-- --------------------------------------------------------

--
-- Table structure for table `roles`
--

CREATE TABLE `roles` (
  `id` int(10) UNSIGNED NOT NULL,
  `name` varchar(255) COLLATE utf8mb4_unicode_ci NOT NULL,
  `display_name` varchar(255) COLLATE utf8mb4_unicode_ci NOT NULL,
  `created_at` timestamp NULL DEFAULT NULL,
  `updated_at` timestamp NULL DEFAULT NULL
) ENGINE=InnoDB DEFAULT CHARSET=utf8mb4 COLLATE=utf8mb4_unicode_ci;

--
-- Dumping data for table `roles`
--

INSERT INTO `roles` (`id`, `name`, `display_name`, `created_at`, `updated_at`) VALUES
(1, 'admin', 'Администратор', '2018-12-05 05:34:46', '2018-12-05 05:34:46'),
(2, 'user', 'Обычный Пользователь', '2018-12-05 05:34:46', '2018-12-05 05:34:46');

-- --------------------------------------------------------

--
-- Table structure for table `sends`
--

CREATE TABLE `sends` (
  `id` int(11) NOT NULL,
  `name` varchar(255) NOT NULL,
  `phone` varchar(255) NOT NULL,
  `created_at` timestamp NOT NULL DEFAULT CURRENT_TIMESTAMP ON UPDATE CURRENT_TIMESTAMP,
  `updated_at` timestamp NOT NULL DEFAULT '0000-00-00 00:00:00'
) ENGINE=InnoDB DEFAULT CHARSET=utf8;

--
-- Dumping data for table `sends`
--

INSERT INTO `sends` (`id`, `name`, `phone`, `created_at`, `updated_at`) VALUES
(1, 'asf', 'asfss', '2018-12-20 05:55:44', '2018-12-20 05:55:44'),
(2, '11', '22', '2018-12-21 02:53:14', '2018-12-21 02:53:14'),
(3, 'dd', 'gg', '2018-12-21 03:09:51', '2018-12-21 03:09:51'),
(4, 'ff', 'gg', '2018-12-21 03:11:40', '2018-12-21 03:11:40'),
(5, 'ttt', '444', '2018-12-21 03:14:41', '2018-12-21 03:14:41'),
(6, 'hhh', '777', '2018-12-21 03:15:19', '2018-12-21 03:15:19'),
(7, 'пп', 'рр', '2018-12-21 03:28:12', '2018-12-21 03:28:12'),
(8, 'kk', 'll', '2018-12-21 03:28:21', '2018-12-21 03:28:21'),
(9, '1212', '121212', '2019-01-10 20:34:07', '2019-01-10 20:34:07'),
(10, '1212', '121212', '2019-01-10 20:34:10', '2019-01-10 20:34:10'),
(11, '12', '21', '2019-06-09 22:55:30', '2019-06-09 22:55:30'),
(12, '12', '21', '2019-06-09 22:55:31', '2019-06-09 22:55:31'),
(13, '12', '21', '2019-06-09 22:55:31', '2019-06-09 22:55:31'),
(14, '12', '21', '2019-06-09 22:55:32', '2019-06-09 22:55:32'),
(15, '34512535', '24214214', '2019-06-12 01:29:47', '2019-06-12 01:29:47'),
(16, 'asfasfasf', '24214214', '2019-06-12 01:29:51', '2019-06-12 01:29:51'),
(17, 'asfasfasf', '24214214', '2019-06-12 01:31:21', '2019-06-12 01:31:21'),
(18, 'asfasfasf', '24214214', '2019-06-12 01:31:29', '2019-06-12 01:31:29'),
(19, 'asf', '124214124', '2019-06-12 01:34:16', '2019-06-12 01:34:16'),
(20, 'asfsa', '214214', '2019-06-12 01:35:44', '2019-06-12 01:35:44'),
(21, 'fasasfas', '2441', '2019-06-12 01:38:33', '2019-06-12 01:38:33'),
(22, 'asfasf', '32532532', '2019-06-12 01:40:29', '2019-06-12 01:40:29'),
(23, 'asfasf', '3421412', '2019-06-12 01:43:22', '2019-06-12 01:43:22'),
(24, 'asf', '235325', '2019-06-12 04:44:11', '2019-06-12 04:44:11'),
(25, 'asfsaf', '212412', '2019-06-12 04:47:29', '2019-06-12 04:47:29'),
(26, 'adaD', '213124', '2019-06-12 04:48:42', '2019-06-12 04:48:42');

-- --------------------------------------------------------

--
-- Table structure for table `settings`
--

CREATE TABLE `settings` (
  `id` int(10) UNSIGNED NOT NULL,
  `key` varchar(255) COLLATE utf8mb4_unicode_ci NOT NULL,
  `display_name` varchar(255) COLLATE utf8mb4_unicode_ci NOT NULL,
  `value` text COLLATE utf8mb4_unicode_ci,
  `details` text COLLATE utf8mb4_unicode_ci,
  `type` varchar(255) COLLATE utf8mb4_unicode_ci NOT NULL,
  `order` int(11) NOT NULL DEFAULT '1',
  `group` varchar(255) COLLATE utf8mb4_unicode_ci DEFAULT NULL
) ENGINE=InnoDB DEFAULT CHARSET=utf8mb4 COLLATE=utf8mb4_unicode_ci;

--
-- Dumping data for table `settings`
--

INSERT INTO `settings` (`id`, `key`, `display_name`, `value`, `details`, `type`, `order`, `group`) VALUES
(1, 'site.title', 'Название Сайта', 'OPREMA ALMATY', '', 'text', 1, 'Site'),
(2, 'site.description', 'Описание Сайта', 'Компания опрема', '', 'text', 2, 'Site'),
(3, 'site.logo', 'Логотип Сайта', 'settings/January2019/vVQ5369Wq0xbn39ZBkk7.jpg', '', 'image', 3, 'Site'),
(4, 'site.google_analytics_tracking_id', 'Google Analytics Tracking ID', NULL, '', 'text', 4, 'Site'),
(5, 'admin.bg_image', 'Фоновое Изображение для Админки', '', '', 'image', 5, 'Admin'),
(6, 'admin.title', 'Название Админки', 'Voyager', '', 'text', 1, 'Admin'),
(7, 'admin.description', 'Описание Админки', 'Добро пожаловать в Voyager. Пропавшую Админку для Laravel', '', 'text', 2, 'Admin'),
(8, 'admin.loader', 'Загрузчик Админки', '', '', 'image', 3, 'Admin'),
(9, 'admin.icon_image', 'Иконка Админки', '', '', 'image', 4, 'Admin'),
(10, 'admin.google_analytics_client_id', 'Google Analytics Client ID (используется для панели администратора)', NULL, '', 'text', 1, 'Admin'),
(11, 'site.contacts', 'Контакты в шапке сайта', '<a> Р.К. г.Алматы,<br />ул. Макатаева, 117, <br />блок «А», оф. 513 </a>', NULL, 'text', 6, 'Site'),
(12, 'site.phones', 'Телефоны', '<a> +7 (778) 746 06 90<br />  +7 (727) 220 99 07<br />  </a>', NULL, 'text', 7, 'Site'),
(13, 'site.adres_footer', 'Адрес в подвале сайта', '<a>Адрес: Республика Казахстан. г.Алматы, <br>ул. Макатаева, 117, блок «А», оф.513, <br> Тел:+7 778 746 06 90, +7 (727) 220 99 07, <br> E-mail: info@oprema.kz, sales@oprema.kz </a>', NULL, 'text', 8, 'Site'),
(14, 'site.copyright', 'Копирайт', 'Copyright 2019, Oprema Almaty. Все права защищены', NULL, 'text', 9, 'Site');

-- --------------------------------------------------------

--
-- Table structure for table `sliders`
--

CREATE TABLE `sliders` (
  `id` int(11) NOT NULL,
  `title` varchar(255) NOT NULL,
  `img` varchar(255) NOT NULL,
  `created_at` timestamp NOT NULL DEFAULT CURRENT_TIMESTAMP ON UPDATE CURRENT_TIMESTAMP,
  `updated_at` timestamp NOT NULL DEFAULT '0000-00-00 00:00:00'
) ENGINE=InnoDB DEFAULT CHARSET=utf8;

--
-- Dumping data for table `sliders`
--

INSERT INTO `sliders` (`id`, `title`, `img`, `created_at`, `updated_at`) VALUES
(1, '<p>Самые лучшие ингредиенты для пенного!</p>', 'sliders\\December2018\\NPzgDXzi2yZve35efcAA.jpg', '2019-01-15 04:49:27', '2019-01-14 22:49:27'),
(2, '<p>Оборудование и комплектующие для варки пива и безалкогольных напитков!</p>', 'sliders\\December2018\\b3WOqCw0VmfQB3QSVaBA.jpg', '2019-01-15 04:50:36', '2019-01-14 22:50:36');

-- --------------------------------------------------------

--
-- Table structure for table `soveties`
--

CREATE TABLE `soveties` (
  `id` int(11) NOT NULL,
  `name` varchar(255) NOT NULL,
  `text` text NOT NULL,
  `url` varchar(255) NOT NULL,
  `top` int(11) NOT NULL,
  `created_at` timestamp NOT NULL DEFAULT CURRENT_TIMESTAMP ON UPDATE CURRENT_TIMESTAMP,
  `updated_at` timestamp NOT NULL DEFAULT '0000-00-00 00:00:00'
) ENGINE=InnoDB DEFAULT CHARSET=utf8;

--
-- Dumping data for table `soveties`
--

INSERT INTO `soveties` (`id`, `name`, `text`, `url`, `top`, `created_at`, `updated_at`) VALUES
(1, '1', '<p><span style=\"color: #000000; font-family: \'Open Sans\'; font-size: medium;\">Excepteur sint occaecat cupidatat non proident, sunt in culpa qui officia deserunt mollit anim id est laborum. Sed ut perspiciatis unde omnis iste natus error sit voluptatem accusantium doloremque laudantium, totam rem aperiam, eaque ipsa quae ab illo inventore veritatis et quasi architecto beatae vitae dicta sunt explicabo. Nemo enim ipsam voluptatem quia voluptas sit aspernatur aut odit aut fugit, sed quia consequuntur magni dolores eos qui ratione voluptatem sequi nesciunt. Neque porro quisquam est, qui dolorem ipsum quia dolor sit amet, consectetur, adipisci velit, sed quia non numquam eius modi tempora incidunt ut labore et dolore magnam aliquam quaerat voluptatem</span></p>', 'sovet1', 1, '2018-12-06 23:08:35', '2018-12-06 23:08:35'),
(2, '2', '<p><span style=\"color: #000000; font-family: \'Open Sans\'; font-size: medium;\">Duis aute irure sunt in culpa qui officia deserunt mollit anim id est laborum. Sed ut perspiciatis unde omnis iste natus error sit voluptatem accusantium doloremque laudantium, totam rem aperiam, eaque ipsa quae ab illo inventore veritatis et quasi architecto beatae vitae dicta sunt explicabo. Nemo enim ipsam voluptatem quia voluptas sit aspernatur aut odit aut fugit, sed quia consequuntur magni dolores eos qui ratione voluptatem sequi nesciunt. Neque porro quisquam est, qui dolorem ipsum quia dolor sit amet, consectetur, adipisci velit, sed quia non numquam eius modi tempora incidunt ut labore et dolore magnam aliquam quaerat voluptatem.</span></p>', 'sovet2', 1, '2018-12-06 23:10:01', '2018-12-06 23:10:01'),
(3, '3', '<p><span style=\"color: #000000; font-family: \'Open Sans\'; font-size: medium;\">Lorem ipsum dolor sit nulla pariatur. Excepteur sint occaecat cupidatat non proident, sunt in culpa qui officia deserunt mollit anim id est laborum. Sed ut perspiciatis unde omnis iste natus error sit voluptatem accusantium doloremque laudantium, totam rem aperiam, eaque ipsa quae ab illo inventore veritatis et quasi architecto beatae vitae dicta sunt explicabo. Nemo enim ipsam voluptatem quia voluptas sit aspernatur aut odit aut fugit, sed quia consequuntur magni dolores eos qui ratione voluptatem sequi nesciunt. Neque porro quisquam est, qui dolorem ipsum quia dolor sit amet, consectetur, adipisci velit, sed quia non numquam eius modi tempora incidunt ut labore et dolore magnam aliquam quaerat voluptatem.</span></p>', 'sovet3', 1, '2018-12-06 23:10:17', '2018-12-06 23:10:17');

-- --------------------------------------------------------

--
-- Table structure for table `tovaries`
--

CREATE TABLE `tovaries` (
  `id` int(11) NOT NULL,
  `name` varchar(255) NOT NULL,
  `title` varchar(255) NOT NULL,
  `description` text NOT NULL,
  `keywords` text NOT NULL,
  `preimuzhestva` text NOT NULL,
  `opisanie` text NOT NULL,
  `opisanie2` text NOT NULL,
  `img` varchar(255) NOT NULL,
  `url` varchar(255) NOT NULL,
  `created_at` timestamp NOT NULL DEFAULT CURRENT_TIMESTAMP ON UPDATE CURRENT_TIMESTAMP,
  `updated_at` timestamp NOT NULL DEFAULT '0000-00-00 00:00:00',
  `price` int(11) NOT NULL,
  `popularnie` int(11) DEFAULT NULL,
  `category_id` int(11) NOT NULL
) ENGINE=InnoDB DEFAULT CHARSET=utf8;

--
-- Dumping data for table `tovaries`
--

INSERT INTO `tovaries` (`id`, `name`, `title`, `description`, `keywords`, `preimuzhestva`, `opisanie`, `opisanie2`, `img`, `url`, `created_at`, `updated_at`, `price`, `popularnie`, `category_id`) VALUES
(1, 'Плазменные резаки - Плазматроны', '', '', '', '<ul>\r\n<li>Эргономичная рукоятка с защитой клавиши.</li>\r\n<li>Простая замена расходных деталей, меньшее число расходных деталей.</li>\r\n<li>Новое быстроразъёмное соединение АТС (Advanced Torch Connector).</li>\r\n<li>Превосходное качество резки даже на больших скоростях.</li>\r\n<li>Гарантийный срок 1 год.</li>\r\n</ul>', '<p><strong>Преимущества 1Torch:</strong><br /> <!--dle_list--></p>\r\n<ul>\r\n<li>Эргономичная рукоятка с защитой клавиши.</li>\r\n<!--dle_li-->\r\n<li>Простая замена расходных деталей, меньшее число расходных деталей.</li>\r\n<!--dle_li-->\r\n<li>Новое быстроразъёмное соединение АТС (Advanced Torch Connector).</li>\r\n<!--dle_li-->\r\n<li>Превосходное качество резки даже на больших скоростях.</li>\r\n<!--dle_li-->\r\n<li>Гарантийный срок 1 год.</li>\r\n</ul>\r\n<!--dle_list_end-->\r\n<p>&nbsp;</p>\r\n<p><strong>Быстроразъёмное соединение (ATC)</strong><br /> Конструкция быстроразъёмного соединения ATC добавит гибкости практически любой системе плазменной резки. Переход на машинный плазматрон, снятие с неработающего аппарата, или просто увеличение длинны кабеля до необходимой делается быстро и не требует никаких инструментов.<br /> <br /> Удлинители кабеля плазматрона обеспечивают возможность работы на расстоянии до 30 м от источника тока. ATC разъем, позволяет легко добавить или уменьшить общую длину кабеля плазматрона по мере изменения требований.<br /> <br /> <strong>Механизация</strong><br /> Аксессуары Plug-and-Play - переоборудуйте PowerCut 900 / 1600 в высокопроизводительную механизированную систему для Вашего приложения.</p>\r\n<p>&nbsp;</p>\r\n<p><strong>Плазменный резак - плазматрон PT-38</strong><br /> <!--dle_list--></p>\r\n<ul>\r\n<li>Эргономичная рукоятка для более удобной работы</li>\r\n<!--dle_li-->\r\n<li>Большой переключатель для улучшенного управления при использовании защитных перчаток</li>\r\n<!--dle_li-->\r\n<li>Новая технология Blowback</li>\r\n<!--dle_li-->\r\n<li>Простая замена изнашиваемых частей, уменьшенный износ деталей</li>\r\n<!--dle_li-->\r\n<li>Мощное устройство для снятия напряжение</li>\r\n<!--dle_li-->\r\n<li>Возможность замены без инструмента</li>\r\n</ul>\r\n<!--dle_list_end-->\r\n<p>&nbsp;</p>\r\n<div style=\"text-align: left;\"><!--MBegin:http://gwelders.kz/uploads/posts/2017-05/1495615137_pt-38.jpg|--><!--MEnd-->&nbsp;<strong>Информация для заказа PT-26</strong><br /> Плазматрон PT-26 - 7,6 м - 70&deg;: 0558 002 208<br /> Плазматрон PT-26 - 15,2 м - 70&deg;: 0558 002 209<br /> Плазматрон PT-26 - 7,6 м - 90&deg;: 0558 004 031<br /> Плазматрон PT-26 - 15,2 м - 90&deg;: 0558 004 032<br /> Прямой механизированный плазматрон PT-26 - 7,6 м: 0558 002 320<br /> Прямой механизированный плазматрон PT-26 - 15,2 м: 0558 002 321<br /> <br /> <strong>Аксессуары PT-26</strong><br /> Набор расходных деталей 150 А: 0558 002 864<br /> Набор расходных деталей 300 А для двойного блока: 0558 004 030<br /> Кожаный чехол плазматрона 7,6 м: 0558 002 921<br /> Кожаный чехол плпзматрона 15,2 м: 0558 002 922<br /> <br /> <strong>Аксессуары PT-26 для строжки</strong><br /> Сопло для строжки 200 А: 0558 003 718<br /> Сопло для строжки 300 А: 0558 003 795<br /> Тепловой экран плазматрона: 0558 003 797<br /> <br /> <strong>Расходные детали PT-26</strong><br /> Верхнее О-кольцо головы плазматрона: 0558 003 721<br /> Нижнее О-кольцо головы плазматрона: 0558 003 720<br /> Держатель электрода, включая О-кольцо: 0558 003 707<br /> Верхнее О-кольцо держателя электрода: 0558 003 708<br /> Нижнее О-кольцо держателя электрода: 0558 003 709<br /> Дефлекторная трубка: 0558 003 710<br /> Изолятор, включая О-кольцо: 0558 003 711<br /> О-кольцо изолятора: 0558 003 712<br /> Электрод, воздух, N2, N2/H: 0558 003 722<br /> Электрод, Ar/H: 0558 003 723<br /> Сопло 50 А (с уплотнительным кольцом): 0558 003 716<br /> Сопло 150 А (с уплотнительным кольцом): 0558 003 717<br /> Сопло 250 А (с уплотнительным кольцом): 0558 003 798<br /> Сопло 300 А (с уплотнительным кольцом): 0558 003 794<br /> Верхнее О-кольцо электрода: 0558 003 724<br /> Нижнее О-кольцо электрода: 0558 003 725<br /> Направляющая для резки с зазором: 0558 003 713<br /> <br /> <strong>Информация для заказа PT-39</strong><br /> PT-39 PC400 Сменный плазматрон 4,5*: 0558 010 576<br /> PT-39 PC700 Сменный плазматрон 7,6*: 0558 011 580<br /> <br /> <strong>Аксессуары PT-39</strong><br /> Комплект расходных деталей 50А: 0558 010 585<br /> Комплект расходных деталей 20-30А: 0558 010 586<br /> <br /> <strong>Расходные детали PT-39</strong><br /> Электрод: 0558 005 220<br /> Диффузор газа 30-80А: 0558 005 217<br /> Сопло 20-30А: 0558 011 620<br /> Сопло 50А: 0558 004 878<br /> Тепловой экран, CE: 0558 011 868<br /> Направляющая для резки с зазором: 0558 010 581<br /> <br /> <strong>Информация для заказа 1Torch</strong><br /> Кожаный чехол 6,1м: 9-1260<br /> Кожаный чехол 15,2м: 9-1280<br /> ATC 1Torch удлинитель плазматрона 4,6м: 7-7544<br /> ATC 1Torch удлинитель плазматрона 7,6м: 7-7545<br /> ATC 1Torch удлинитель плазматрона 15,2м: 7-7552<br /> ATC 1Torch SL60 75&deg; плазматрон 6,1м: 7-5204<br /> ATC 1Torch SL60 90&deg; плазматрон 6,1м: 7-5260<br /> ATC 1Torch SL100 75&deg; плазматрон 6,1м: 7-5206<br /> ATC 1Torch SL100 90&deg; плазматрон 6,1м: 7-5263<br /> ATC 1Torch SL100 75&deg; плазматрон 15,2м: 7-5208<br /> <br /> <strong>Механизация</strong><br /> СТС интерфейс с кабелем 15,2м: 0558 004 215<br /> Комплект механизации Plug-and-play: 0558 007 885<br /> Дистанционное управление: 0558 008 349<br /> <br /> <strong>PT-37 Плазматрон</strong><br /> PT-37, с рейкой, 7,6м кабель: 0558 004 862<br /> PT-37, без рейки, 5,2м кабель: 0558 004 895<br /> Держатель плазматрона: 0558 005 926<br /> <br /> <strong>Информация для заказа PT-38</strong><br /> Плазматрон PT-38 - 7,6м: 0558 006 786<br /> Плазматрон PT-38 - 15,2м: 0558 006 787<br /> <br /> <strong>Аксессуары</strong><br /> Комплект расходных деталей 60 А: 0558 008 419<br /> Комплект расходных деталей 90 А: 0558 007 640<br /> Комплект направляющих люкс (для кругов &Oslash; 45-1060 мм): 0558 003 258<br /> Базовый комплект направляющих (для кругов &Oslash; 45-750 мм): 0558 002 675<br /> <br /> <strong>Расходные материалы для плазматронов, поставляемых с PowerCut 900</strong><br /> Тепловой экран: 0558 008 094<br /> Сопло 70 А: 0558 008 417<br /> Сопло 40 А: 0558 007 682<br /> Электрод: 0558 005 220<br /> Диффузор газа 30-70 А: 0558 005 217<br /> Направляющая: 0558 008 592<br /> Тепловой экран для строжки**: 0558 008 591<br /> Сопло для строжки**: 0558 008 588<br /> <em>**Только для строжки с применением PowerCut 900</em><br /> <br /> <strong>Расходные материалы для плазматронов, поставляемых с PowerCut 1600</strong><br /> Тепловой экран: 0558 008 094<br /> Сопло 90 А: 0558 007 680<br /> Сопло 70 А: 0558 005 219<br /> Сопло 40 А: 0558 007 682<br /> Электрод: 0558 005 220<br /> Диффузор газа 30-70 А: 0558 005 217<br /> Диффузор газа 90 А**: 0558 004 870<br /> Направляющая горелки: 0558 006 614<br /> Тепловой экран для строжки**: 0558 008 186<br /> Сопло для строжки**: 0558 007 681<br /> <em>**Только для строжки с применением PowerCut 1600</em></div>', '<p>&nbsp;222</p>', 'tovaries\\December2018\\HxceL6We9xkWN6r4FIJF.jpg', 'tovar1', '2019-02-03 15:55:45', '2018-12-24 21:47:48', 5001, 1, 3),
(2, 'ewewtewt', 'safs', 'asf', 'asf', '<p>wetwetewt</p>', '<p>wetwetewt</p>', '<p>wetewt</p>', 'tovaries\\December2018\\nAmYTglk9SOtFVFVYont.jpg', 'tovar2', '2019-02-04 07:02:59', '2019-02-04 01:02:59', 6666, 1, 60);

-- --------------------------------------------------------

--
-- Table structure for table `translations`
--

CREATE TABLE `translations` (
  `id` int(10) UNSIGNED NOT NULL,
  `table_name` varchar(255) COLLATE utf8mb4_unicode_ci NOT NULL,
  `column_name` varchar(255) COLLATE utf8mb4_unicode_ci NOT NULL,
  `foreign_key` int(10) UNSIGNED NOT NULL,
  `locale` varchar(255) COLLATE utf8mb4_unicode_ci NOT NULL,
  `value` text COLLATE utf8mb4_unicode_ci NOT NULL,
  `created_at` timestamp NULL DEFAULT NULL,
  `updated_at` timestamp NULL DEFAULT NULL
) ENGINE=InnoDB DEFAULT CHARSET=utf8mb4 COLLATE=utf8mb4_unicode_ci;

-- --------------------------------------------------------

--
-- Table structure for table `users`
--

CREATE TABLE `users` (
  `id` int(10) UNSIGNED NOT NULL,
  `role_id` int(10) UNSIGNED DEFAULT NULL,
  `name` varchar(255) COLLATE utf8mb4_unicode_ci NOT NULL,
  `email` varchar(255) COLLATE utf8mb4_unicode_ci NOT NULL,
  `avatar` varchar(255) COLLATE utf8mb4_unicode_ci DEFAULT 'users/default.png',
  `email_verified_at` timestamp NULL DEFAULT NULL,
  `password` varchar(255) COLLATE utf8mb4_unicode_ci NOT NULL,
  `remember_token` varchar(100) COLLATE utf8mb4_unicode_ci DEFAULT NULL,
  `settings` text COLLATE utf8mb4_unicode_ci,
  `created_at` timestamp NULL DEFAULT NULL,
  `updated_at` timestamp NULL DEFAULT NULL
) ENGINE=InnoDB DEFAULT CHARSET=utf8mb4 COLLATE=utf8mb4_unicode_ci;

--
-- Dumping data for table `users`
--

INSERT INTO `users` (`id`, `role_id`, `name`, `email`, `avatar`, `email_verified_at`, `password`, `remember_token`, `settings`, `created_at`, `updated_at`) VALUES
(1, 1, 'admin', 'admin@admin.ru', 'users/default.png', NULL, '$2y$10$SpB/S0wvV7Fxv8APCbvQdu2bK9AGwwg150X8Na8/VzNAquIoDMA4u', 'IBDmJsoJvUQhm7egiXO7UrgZ5FqArSlIPOYOTuSRmn8guHKrkG1mDsOKXLaQ', NULL, '2018-12-05 05:35:24', '2018-12-05 05:35:24'),
(2, 2, 'qqqq', 'qqqq@qqqq.qq', 'users/default.png', NULL, '$2y$10$U7UbHWnONTo6BBJWpUQcNObLLy0hrcWchMHhtEpj9ZaF8y8nK0W9m', 'chW7aqBB9dqoah5BENi5kaSwY0v1kL0OQLQKQn5xVuOfsm8PaZKXGbCTnsPF', NULL, '2018-12-07 04:21:21', '2018-12-07 04:21:21'),
(3, 2, 'wwwwww', 'wwwwww@wwwwww.ww', 'users/default.png', NULL, '$2y$10$xTkSQacIbb3ht/0oecbib.pfPHvx1ZB8liRf4a6lEDbhfzmcx5gv.', NULL, NULL, '2018-12-07 04:27:22', '2018-12-07 04:27:22'),
(4, 2, 'qqqqqq', 'qqqq@qqqq.qqqqqq', 'users/default.png', NULL, '$2y$10$0jpefb.BhwRI.CZlbPuGS.rH9Nwta8Tvd7/P0TmTLwhPRXgrsPgAW', 'mCGaBBeYlHjvVV3Nzsu9MZmQFIQjVgGhtvbU2rMwMAdQdf4fDw9SCadKcVLY', NULL, '2018-12-19 03:13:38', '2018-12-19 03:13:38'),
(5, 2, 'dddddd', 'admin@admin.dddddd', 'users/default.png', NULL, '$2y$10$ZQiJIyFPlg6pUtl2dZhweOl6hOLpPMjVicUt2zL2g3/VcH0EEDxYy', 'h9CxpYPsOBATcaYDyF6Q8y9LLad1C6kk7OFJMtCBtQKp7gKvP07PeDAb0AXE', NULL, '2018-12-19 03:14:56', '2018-12-19 03:14:56'),
(6, 2, 'Полина Блощицина', 'manager@a-lux.kz', 'users/default.png', NULL, '$2y$10$FaDLYzX.q0cn4TS0aq4c2efmjJty7VrS.zkkDbgLuAqu082DXgEs.', NULL, NULL, '2018-12-23 23:42:26', '2018-12-23 23:42:26'),
(7, 2, 'Sanzhar', 'thesanjik@gmail.com', 'users/default.png', NULL, '$2y$10$uTXolSwaOQAF2tQaq4RTNu8uKON1QiK6Oz5nql0azqdOICspxV.Li', NULL, NULL, '2018-12-25 02:05:38', '2018-12-25 02:05:38'),
(8, 2, 'Иван Сергеевич Востриков', 'info@a-lux.kz', 'users/default.png', NULL, '$2y$10$CoFrIdTIOthtX2pgcO.0xOJBHE8TX1RYFTdXABDX0r/YOeoIWdjXi', NULL, NULL, '2019-01-15 01:11:49', '2019-01-15 01:11:49'),
(9, 2, 'Ivan', 'a-luxkz@mail.ru', 'users/default.png', NULL, '$2y$10$brDWuDqlqkWyUOtvc15RX./clsMIcAASzLZiuV4A1bQK5c3vqz1jm', 'Oj0gMFd5ElSG0ltazOfIJt357DajivHqZfU1MgGF0dE8fDg4OfrdS62dCJFt', NULL, '2019-02-13 03:09:03', '2019-02-13 03:09:03'),
(10, 2, 'полина', 'a_okas97@mail.ru', 'users/default.png', NULL, '$2y$10$pFeaIidbh.m6gobLPBGOFupQftPmV5QsuuHqn.JkGAxmZORGYPp7.', NULL, NULL, '2019-06-04 22:07:33', '2019-06-04 22:07:33'),
(11, 2, 'Amantay', 'amantay.or@gmail.com', 'users/default.png', NULL, '$2y$10$yKSuLc/R6ZNs56JnQNtGc.VPKlZThzs1GsaDFrnIcLmBoDcp1uY96', 'KTQmZz2L5FhjYDA8T0N9oGr6KlGYOmyIc6EMSEP8aNrJ5w3lnDbDI9iRqLMg', NULL, '2019-06-04 23:07:57', '2019-06-04 23:07:57'),
(12, 2, 'Test', 'dauren.maikenov@mail.ru', 'users/default.png', NULL, '$2y$10$v29qM7AgzbvmzPbGAykZNuVBPS.HWxDK9IpM7o9EGtpxKco4knfaC', 'gQqVNM40VPGoy61XSkvjMSowGG7hdvtGqqCn233HllSaqcMNsbOQuIZ6sziH', NULL, '2019-06-10 00:05:17', '2019-06-10 00:05:17'),
(13, 2, 'gggggg', 'admin@admin.gggggg', 'users/default.png', NULL, '$2y$10$2kcXt2p54PEI3ywYPS2Gf..UIIsIjWWdutysHhZoxt8EoweHUMq.a', 'X88mGDpNaTTDc5SovVPUYT0FVgoqbpmdpbt6XeQIaricv2XNJJW4ePCYV619', NULL, '2019-06-12 00:20:47', '2019-06-12 00:20:47'),
(14, 2, 'dsf', 'it_yvm@mail.ru', 'users/default.png', NULL, '$2y$10$UVBMKpdOjPCuAqX.YlohYe24z3UHpLZDjhlF81ILT9YTHe.Km/8Ka', 'J6sBJCkmedxPQPCqoSvUe0zfySfz3BWMz3aytjV1VclQ8C5zVatmnckA03vw', NULL, '2019-06-12 04:49:50', '2019-06-12 22:17:50'),
(15, 2, 'TEST3', 'TEST@test.com', 'users/default.png', NULL, '$2y$10$dVdqqYerPWZaX8eN1h1P4u0uZh61vjw7pMwiIX5zeuoX1O43Dfc3y', 'cyIdb3dCEtfWDZ0sMTr4HAYXX376TcaWutPt6mafwLs41dUd7yJZoNaxpKXL', NULL, '2019-06-27 21:58:13', '2019-06-27 21:58:13');

-- --------------------------------------------------------

--
-- Table structure for table `user_roles`
--

CREATE TABLE `user_roles` (
  `user_id` int(10) UNSIGNED NOT NULL,
  `role_id` int(10) UNSIGNED NOT NULL
) ENGINE=InnoDB DEFAULT CHARSET=utf8mb4 COLLATE=utf8mb4_unicode_ci;

-- --------------------------------------------------------

--
-- Table structure for table `uslugies`
--

CREATE TABLE `uslugies` (
  `id` int(11) NOT NULL,
  `title` varchar(255) NOT NULL,
  `text` varchar(255) DEFAULT NULL,
  `img` varchar(255) NOT NULL,
  `created_at` timestamp NOT NULL DEFAULT CURRENT_TIMESTAMP ON UPDATE CURRENT_TIMESTAMP,
  `updated_at` timestamp NOT NULL DEFAULT '0000-00-00 00:00:00'
) ENGINE=InnoDB DEFAULT CHARSET=utf8;

--
-- Dumping data for table `uslugies`
--

INSERT INTO `uslugies` (`id`, `title`, `text`, `img`, `created_at`, `updated_at`) VALUES
(1, 'Системы контроля и учета', 'Каллиброванные приборы учета и конроля качества', 'uslugies\\December2018\\ibIvqxnVMb1SBlDajVuY.png', '2019-02-01 06:06:46', '2019-02-01 00:06:46'),
(2, 'Ремонт и диагностика оборудования', 'Точная диагностика и качественный ремонт', 'uslugies\\December2018\\OwFD38oz5sHVbOJ6ngUE.png', '2019-02-01 06:08:07', '2019-02-01 00:08:07'),
(3, 'Доставка и транспортировка товаров', 'От двери до двери', 'uslugies\\December2018\\dPiEhSTmtCq27uMPMj3f.png', '2019-01-23 18:56:44', '2019-01-23 12:56:44'),
(4, 'Аренда оборудования', 'Вы можете арендовать любое оборудование для розлива напитков', 'uslugies\\December2018\\S9y0DBpmDbjprtUzGZmH.png', '2019-01-23 18:56:11', '2019-01-23 12:56:11'),
(5, 'Установка и обслуживание термокамер', 'Для сохранности всех вкусовых качеств пива и напитков', 'uslugies\\December2018\\vrHOJn3gY0bPXNlI4JDz.png', '2019-01-23 18:55:34', '2019-01-23 12:55:34'),
(6, 'Установка и обслуживание оборудования для производства', 'Для Вашего комфорта наши специалисты выполняют монтаж и установку оборудования.', 'uslugies\\December2018\\EYXsxwvIYR54AhGgZapE.png', '2019-01-23 18:53:16', '2019-01-23 12:53:16');

-- --------------------------------------------------------

--
-- Table structure for table `videootzivis`
--

CREATE TABLE `videootzivis` (
  `id` int(11) NOT NULL,
  `name` varchar(255) NOT NULL,
  `komania` varchar(255) NOT NULL,
  `dolzhnost` varchar(255) NOT NULL,
  `video` text NOT NULL,
  `created_at` timestamp NOT NULL DEFAULT CURRENT_TIMESTAMP ON UPDATE CURRENT_TIMESTAMP,
  `updated_at` timestamp NOT NULL DEFAULT '0000-00-00 00:00:00'
) ENGINE=InnoDB DEFAULT CHARSET=utf8;

--
-- Dumping data for table `videootzivis`
--

INSERT INTO `videootzivis` (`id`, `name`, `komania`, `dolzhnost`, `video`, `created_at`, `updated_at`) VALUES
(1, 'Имя Фамилия1', 'компания1', 'должность1', 'https://www.youtube.com/embed/W9CLdkkNn20', '2019-06-10 11:17:52', '2019-06-10 05:17:52'),
(2, 'Имя Фамилия2', 'компания2', 'должность2', 'https://www.youtube.com/embed/bebuiaSKtU4', '2019-06-10 11:17:17', '2019-06-10 05:17:17'),
(3, 'Имя Фамилия3', 'компания3', 'должность3', 'https://www.youtube.com/embed/SmbdY5FpRwA', '2019-06-10 11:15:49', '2019-06-10 05:15:49'),
(4, 'Имя Фамилия4', 'компания4', 'должность4', 'https://www.youtube.com/embed/hHW1oY26kxQ', '2019-06-10 11:16:38', '2019-06-10 05:16:38');

--
-- Indexes for dumped tables
--

--
-- Indexes for table `category_tovaries`
--
ALTER TABLE `category_tovaries`
  ADD PRIMARY KEY (`id`);

--
-- Indexes for table `data_rows`
--
ALTER TABLE `data_rows`
  ADD PRIMARY KEY (`id`),
  ADD KEY `data_rows_data_type_id_foreign` (`data_type_id`);

--
-- Indexes for table `data_types`
--
ALTER TABLE `data_types`
  ADD PRIMARY KEY (`id`);

--
-- Indexes for table `dostavkas`
--
ALTER TABLE `dostavkas`
  ADD PRIMARY KEY (`id`);

--
-- Indexes for table `menus`
--
ALTER TABLE `menus`
  ADD PRIMARY KEY (`id`);

--
-- Indexes for table `menu_items`
--
ALTER TABLE `menu_items`
  ADD PRIMARY KEY (`id`),
  ADD KEY `menu_items_menu_id_foreign` (`menu_id`);

--
-- Indexes for table `menu_sites`
--
ALTER TABLE `menu_sites`
  ADD PRIMARY KEY (`id`);

--
-- Indexes for table `migrations`
--
ALTER TABLE `migrations`
  ADD PRIMARY KEY (`id`);

--
-- Indexes for table `news`
--
ALTER TABLE `news`
  ADD PRIMARY KEY (`id`),
  ADD UNIQUE KEY `url` (`url`);

--
-- Indexes for table `orderings`
--
ALTER TABLE `orderings`
  ADD PRIMARY KEY (`id`);

--
-- Indexes for table `orders`
--
ALTER TABLE `orders`
  ADD PRIMARY KEY (`id`);

--
-- Indexes for table `partners`
--
ALTER TABLE `partners`
  ADD PRIMARY KEY (`id`);

--
-- Indexes for table `password_resets`
--
ALTER TABLE `password_resets`
  ADD KEY `password_resets_email_index` (`email`(191));

--
-- Indexes for table `permissions`
--
ALTER TABLE `permissions`
  ADD PRIMARY KEY (`id`),
  ADD KEY `permissions_key_index` (`key`(191));

--
-- Indexes for table `permission_role`
--
ALTER TABLE `permission_role`
  ADD PRIMARY KEY (`permission_id`,`role_id`),
  ADD KEY `permission_role_permission_id_index` (`permission_id`),
  ADD KEY `permission_role_role_id_index` (`role_id`);

--
-- Indexes for table `preimuzhesvas`
--
ALTER TABLE `preimuzhesvas`
  ADD PRIMARY KEY (`id`);

--
-- Indexes for table `profiles`
--
ALTER TABLE `profiles`
  ADD PRIMARY KEY (`id`);

--
-- Indexes for table `roles`
--
ALTER TABLE `roles`
  ADD PRIMARY KEY (`id`);

--
-- Indexes for table `sends`
--
ALTER TABLE `sends`
  ADD PRIMARY KEY (`id`);

--
-- Indexes for table `settings`
--
ALTER TABLE `settings`
  ADD PRIMARY KEY (`id`);

--
-- Indexes for table `sliders`
--
ALTER TABLE `sliders`
  ADD PRIMARY KEY (`id`);

--
-- Indexes for table `soveties`
--
ALTER TABLE `soveties`
  ADD PRIMARY KEY (`id`);

--
-- Indexes for table `tovaries`
--
ALTER TABLE `tovaries`
  ADD PRIMARY KEY (`id`),
  ADD UNIQUE KEY `url` (`url`);

--
-- Indexes for table `translations`
--
ALTER TABLE `translations`
  ADD PRIMARY KEY (`id`);

--
-- Indexes for table `users`
--
ALTER TABLE `users`
  ADD PRIMARY KEY (`id`);

--
-- Indexes for table `user_roles`
--
ALTER TABLE `user_roles`
  ADD PRIMARY KEY (`user_id`,`role_id`),
  ADD KEY `user_roles_user_id_index` (`user_id`),
  ADD KEY `user_roles_role_id_index` (`role_id`);

--
-- Indexes for table `uslugies`
--
ALTER TABLE `uslugies`
  ADD PRIMARY KEY (`id`);

--
-- Indexes for table `videootzivis`
--
ALTER TABLE `videootzivis`
  ADD PRIMARY KEY (`id`);

--
-- AUTO_INCREMENT for dumped tables
--

--
-- AUTO_INCREMENT for table `category_tovaries`
--
ALTER TABLE `category_tovaries`
  MODIFY `id` int(11) NOT NULL AUTO_INCREMENT, AUTO_INCREMENT=138;
--
-- AUTO_INCREMENT for table `data_rows`
--
ALTER TABLE `data_rows`
  MODIFY `id` int(10) UNSIGNED NOT NULL AUTO_INCREMENT, AUTO_INCREMENT=130;
--
-- AUTO_INCREMENT for table `data_types`
--
ALTER TABLE `data_types`
  MODIFY `id` int(10) UNSIGNED NOT NULL AUTO_INCREMENT, AUTO_INCREMENT=26;
--
-- AUTO_INCREMENT for table `dostavkas`
--
ALTER TABLE `dostavkas`
  MODIFY `id` int(11) NOT NULL AUTO_INCREMENT, AUTO_INCREMENT=4;
--
-- AUTO_INCREMENT for table `menus`
--
ALTER TABLE `menus`
  MODIFY `id` int(10) UNSIGNED NOT NULL AUTO_INCREMENT, AUTO_INCREMENT=2;
--
-- AUTO_INCREMENT for table `menu_items`
--
ALTER TABLE `menu_items`
  MODIFY `id` int(10) UNSIGNED NOT NULL AUTO_INCREMENT, AUTO_INCREMENT=30;
--
-- AUTO_INCREMENT for table `menu_sites`
--
ALTER TABLE `menu_sites`
  MODIFY `id` int(11) NOT NULL AUTO_INCREMENT, AUTO_INCREMENT=11;
--
-- AUTO_INCREMENT for table `migrations`
--
ALTER TABLE `migrations`
  MODIFY `id` int(10) UNSIGNED NOT NULL AUTO_INCREMENT, AUTO_INCREMENT=23;
--
-- AUTO_INCREMENT for table `news`
--
ALTER TABLE `news`
  MODIFY `id` int(11) NOT NULL AUTO_INCREMENT, AUTO_INCREMENT=13;
--
-- AUTO_INCREMENT for table `orderings`
--
ALTER TABLE `orderings`
  MODIFY `id` int(11) NOT NULL AUTO_INCREMENT, AUTO_INCREMENT=20;
--
-- AUTO_INCREMENT for table `orders`
--
ALTER TABLE `orders`
  MODIFY `id` int(11) NOT NULL AUTO_INCREMENT, AUTO_INCREMENT=18;
--
-- AUTO_INCREMENT for table `partners`
--
ALTER TABLE `partners`
  MODIFY `id` int(11) NOT NULL AUTO_INCREMENT, AUTO_INCREMENT=7;
--
-- AUTO_INCREMENT for table `permissions`
--
ALTER TABLE `permissions`
  MODIFY `id` int(10) UNSIGNED NOT NULL AUTO_INCREMENT, AUTO_INCREMENT=112;
--
-- AUTO_INCREMENT for table `preimuzhesvas`
--
ALTER TABLE `preimuzhesvas`
  MODIFY `id` int(11) NOT NULL AUTO_INCREMENT, AUTO_INCREMENT=5;
--
-- AUTO_INCREMENT for table `profiles`
--
ALTER TABLE `profiles`
  MODIFY `id` int(11) NOT NULL AUTO_INCREMENT, AUTO_INCREMENT=14;
--
-- AUTO_INCREMENT for table `roles`
--
ALTER TABLE `roles`
  MODIFY `id` int(10) UNSIGNED NOT NULL AUTO_INCREMENT, AUTO_INCREMENT=3;
--
-- AUTO_INCREMENT for table `sends`
--
ALTER TABLE `sends`
  MODIFY `id` int(11) NOT NULL AUTO_INCREMENT, AUTO_INCREMENT=27;
--
-- AUTO_INCREMENT for table `settings`
--
ALTER TABLE `settings`
  MODIFY `id` int(10) UNSIGNED NOT NULL AUTO_INCREMENT, AUTO_INCREMENT=15;
--
-- AUTO_INCREMENT for table `sliders`
--
ALTER TABLE `sliders`
  MODIFY `id` int(11) NOT NULL AUTO_INCREMENT, AUTO_INCREMENT=3;
--
-- AUTO_INCREMENT for table `soveties`
--
ALTER TABLE `soveties`
  MODIFY `id` int(11) NOT NULL AUTO_INCREMENT, AUTO_INCREMENT=4;
--
-- AUTO_INCREMENT for table `tovaries`
--
ALTER TABLE `tovaries`
  MODIFY `id` int(11) NOT NULL AUTO_INCREMENT, AUTO_INCREMENT=3;
--
-- AUTO_INCREMENT for table `translations`
--
ALTER TABLE `translations`
  MODIFY `id` int(10) UNSIGNED NOT NULL AUTO_INCREMENT;
--
-- AUTO_INCREMENT for table `users`
--
ALTER TABLE `users`
  MODIFY `id` int(10) UNSIGNED NOT NULL AUTO_INCREMENT, AUTO_INCREMENT=16;
--
-- AUTO_INCREMENT for table `uslugies`
--
ALTER TABLE `uslugies`
  MODIFY `id` int(11) NOT NULL AUTO_INCREMENT, AUTO_INCREMENT=7;
--
-- AUTO_INCREMENT for table `videootzivis`
--
ALTER TABLE `videootzivis`
  MODIFY `id` int(11) NOT NULL AUTO_INCREMENT, AUTO_INCREMENT=5;
--
-- Constraints for dumped tables
--

--
-- Constraints for table `data_rows`
--
ALTER TABLE `data_rows`
  ADD CONSTRAINT `data_rows_data_type_id_foreign` FOREIGN KEY (`data_type_id`) REFERENCES `data_types` (`id`) ON DELETE CASCADE ON UPDATE CASCADE;

--
-- Constraints for table `menu_items`
--
ALTER TABLE `menu_items`
  ADD CONSTRAINT `menu_items_menu_id_foreign` FOREIGN KEY (`menu_id`) REFERENCES `menus` (`id`) ON DELETE CASCADE;

/*!40101 SET CHARACTER_SET_CLIENT=@OLD_CHARACTER_SET_CLIENT */;
/*!40101 SET CHARACTER_SET_RESULTS=@OLD_CHARACTER_SET_RESULTS */;
/*!40101 SET COLLATION_CONNECTION=@OLD_COLLATION_CONNECTION */;
